Workbook

Sheet Halfling
A1: Giocatore | B1: Azzeil Summerhill | G1: Agile Furtivo Preciso | K1: Esperienza | N1: 30.000
A2: Razza | B2: Halfling | E2: Classe | G2: Halfling | I2: 5° | K2: Allineamento | N2: Neutrale
A4: CA | B4: 3 | E4: Slot | F4: 20 | G4: +7 | H4: ½ Mov. | L4: Iniziativa | M4: 2 | O4: PF | P4: 25
A5: Abilità | J5: Mod. | M5: Tiri salvezza
A6: 14 | B6: FOR | C6: Apre porte bloccate con 1-3 su 1d6 | J6: 1 | M6: Veleno, Raggio della Morte | P6: 6
A7: 14 | B7: DES | C7: Bonus a attacchi a distanza, CA, iniziativa | J7: 1 | M7: Bacchetta | P7: 7
A8: 9 | B8: COS | C8: Nessun modificatore | J8: 0 | M8: Pietrificazione Paralisi | P8: 8
A9: 13 | B9: INT | C9: Legge e scrive più lingue | J9: 1 | M9: Soffio Drago | P9: 10
A10: 12 | B10: SAG | C10: Nessun modificatore | J10: 0 | M10: Incantesimi Bastone Magico | P10: 10
A11: 11 | B11: CAR | C11: Reazioni PNG +0, massimo 4 seguaci, morale seguaci 7 | J11: 0 | M11: TS: 1D20 ≥ valore TS = Successo TA: 1D20 ≤ valore attributo = Successo
A13: Lingue Parlate | D13: Movimento | H13: Piedi | I13: Metri | J13: Quad. | K13: Sprint | L13: Malus | N13: Slot/Equipaggiamento
A14: Common, Nanco, Gnomesco, Koboldo,Goblin | D14: Combattimento | G14: 1R | H14: 20 | I14: =J14*1.5 -> 6 | J14: =H14/5 -> 4 | K14: 8 dm | L14: - | N14: 2/Cotta di maglia
D15: Esplorazione | G15: 1T | H15: =H14*3 -> 60 | I15: =J15*1.5 -> 18 | J15: =H15/5 -> 12 | K15: - | L15: - | N15: 1/Pugnali (2)
D16: Correre | G16: 1R | H16: =H14*3 -> 60 | I16: =J16*1.5 -> 18 | J16: =H16/5 -> 12 | K16: =J16+(J16/2) -> 18 | L16: -2 Tiri 10R (max 3 R) | N16: 1/Sacchetto Pietre
A17: THAC0 - Tiro = CA Colpita | D17: Arrampicarsi | G17: 1R | H17: =H14/2 -> 10 | I17: =J17*1.5 -> 3 | J17: =H17/5 -> 2 | K17: =J17+(J17/2) -> 3 | N17: 0/Vestiti, Cintura, Stivali
A18: 1R = 10 Sec. | 1T = 10 Min. | D18: Nuotare | G18: 1R | H18: =H14/2 -> 10 | I18: =J18*1.5 -> 3 | J18: =H18/5 -> 2 | K18: =J18+(J18/2) -> 3 | N18: 1/Fionda
D19: Giornaliero | G19: 1G | H19: 12mi | I19: 19km | K19: - | L19: - | N19: 1/Spada Corta + 1
N20: 2/Scudo
A21: Carica +2TxC +2CA min.4□ | Ritirata difensiva ½Mv nega attacco nemico | Difesa totale -2CA ½Mv
A22: Spinta 1d20+mod.FOR vs +1□ | Disarmo -4TxC | Parare(F) -4CA ½Mv | Colpo potente(F) -5TxC +5PF | O22: Slot | P22: 8
A23: Afferrrare TxC vs CA, Liberarsi da presa 1d20+mod.FOR vs, Azione Pronta inter. turno nemico
A24: Scambiare Posizione ½Mv | Attraversare alleati +1□ | Passare oggetto: chi passa usa azione | O24: Banca | P24: Trasportati
A25: Combattimento in fila: 2* fila armi lunghe | Preparare per carica Dannox2 | N25: pp
A26: Prone: +2 TxC nemici, ½Mv per alzarsi | Raccolgiere arma: Mov.+Racc. o Racc.+Att. | N26: mo | P26: 500
A27: Copertura: Parziale -2TxC +2CA, Quasi Tot. -4TxC +4CA | Area: Parz. +2 TS, Quasi Tot. +4 TS | N27: ma
A28: Tiro oltre 1* PG/Mostri: -2TxC Lancio/-4TxC Tiro, 1/1-2 Colpito Alleato | N28: mr
A29: TxC Distanza: corta +1, normale 0, lunga -1 | O29: Slot | P29: 5
N32: Abilità
A33: Halfling vs Nemici Grandi: +2 CA contro creature più grandi di un umano | N33: 1/6 trovare porte segrete
A34: All'aperto (boschi/sottobosco): 90% di non essere individuato | N34: 2/6 Ascoltare rumori
A35: In dungeon (ombre, fermo e silenzioso): 1-2 su 1d6 di non essere visto | N35: 1/6 ascoltare attr. Porte
L40: THAC0
A41: Arma | B41: Range | C41: AC 9 | D41: 8 | E41: =D41-1 -> 7 | F41: =E41-1 -> 6 | G41: =F41-1 -> 5 | H41: =G41-1 -> 4 | I41: =H41-1 -> 3 | J41: =I41-1 -> 2 | K41: =J41-1 -> 1 | L41: =K41-1 -> 0 | M41: Danno | O41: Note
A42: Spada Corta | B42: melee | C42: 6 | D42: =C42+1 -> 7 | E42: =D42+1 -> 8 | F42: =E42+1 -> 9 | G42: =F42+1 -> 10 | H42: =G42+1 -> 11 | I42: =H42+1 -> 12 | J42: =I42+1 -> 13 | K42: =J42+1 -> 14 | L42: =K42+1 -> 15 | M42: 1d6+2
A43: Pugnale | B43: melee | C43: 7 | D43: =C43+1 -> 8 | E43: =D43+1 -> 9 | F43: =E43+1 -> 10 | G43: =F43+1 -> 11 | H43: =G43+1 -> 12 | I43: =H43+1 -> 13 | J43: =I43+1 -> 14 | K43: =J43+1 -> 15 | L43: =K43+1 -> 16 | M43: 1d4+1 | O43: lanciabile 10/20/30'
A44: Fionda | B44: 40/80/160' | C44: 8 | D44: =C44+1 -> 9 | E44: =D44+1 -> 10 | F44: =E44+1 -> 11 | G44: =F44+1 -> 12 | H44: =G44+1 -> 13 | I44: =H44+1 -> 14 | J44: =I44+1 -> 15 | K44: =J44+1 -> 16 | L44: =K44+1 -> 17 | M44: 1d4 | O44: 20 Pietre

Sheet Retro A
A1: Slot Totali | C1: =Halfling!F4 -> 20 | E1: Sovraccarico | G1: =Halfling!G4 -> +7 | I1: Slot Bonus | M1: Slot Occupati | O1: =Halfling!P22+Halfling!P29 -> 13
A2: Oggetto | H2: Qt. | I2: Slot | J2: STATS
A3: 1 | J3: PF
A4: =A3+1 -> 2
A5: =A4+1 -> 3
A6: =A5+1 -> 4 | J6: THACO0
A7: =A6+1 -> 5 | J7: +TS | K7: V | L7: B | M7: P | N7: S | O7: I
A8: =A7+1 -> 6 | J8: CA
A9: =A8+1 -> 7 | J9: 1 liv.
A10: =A9+1 -> 8 | J10: 2 liv.
A11: =A10+1 -> 9 | J11: 3 liv.
A12: =A11+1 -> 10 | J12: 4 liv.
A13: =A12+1 -> 11 | J13: 5 liv.
A14: =A13+1 -> 12 | J14: Cariche
A15: =A14+1 -> 13 | J15: A. Santa
A16: =A15+1 -> 14 | J16: Olio
A17: =A16+1 -> 15 | J17: Torcie
A18: =A17+1 -> 16 | J18: Dardi
A19: =A18+1 -> 17 | J19: Quadrelli
... A22: =A21+1 -> 20 | J22: Pietre
Q23: =10
A24: THAC0 | C24: CA | D24: CA | E24: CA | F24: CA | G24: CA | H24: CA | I24: CA | J24: CA | K24: CA | L24: CA | M24: CA | N24: CA | O24: CA | P24: CA | Q24: CA
C25: -3 | D25: =C25+1 -> -2 | E25: =D25+1 -> -1 | F25: =E25+1 -> 0 | G25: =F25+1 -> 1 | H25: =G25+1 -> 2 | I25: =H25+1 -> 3 | J25: =I25+1 -> 4 | K25: =J25+1 -> 5 | ... Q25: =P25+1 -> 11
A26: 19 | C26: =$A26-C$25 -> 22 | D26: =$A26-D$25 -> 21 | E26: =$A26-E$25 -> 20 | F26: =$A26-F$25 -> 19 | G26: =$A26-G$25 -> 18 | H26: =$A26-H$25 -> 17 | I26: =$A26-I$25 -> 16 | J26: =$A26-J$25 -> 15 | ... Q26: =$A26-Q$25 -> 8
A27: 18 | C27: =$A27-C$25 -> 21 | D27: =$A27-D$25 -> 20 | E27: =$A27-E$25 -> 19 | F27: =$A27-F$25 -> 18 | G27: =$A27-G$25 -> 17 | H27: =$A27-H$25 -> 16 | I27: =$A27-I$25 -> 15 | J27: =$A27-J$25 -> 14 | ... Q27: =$A27-Q$25 -> 7
A28: 17 | C28: =$A28-C$25 -> 20 | D28: =$A28-D$25 -> 19 | E28: =$A28-E$25 -> 18 | F28: =$A28-F$25 -> 17 | G28: =$A28-G$25 -> 16 | H28: =$A28-H$25 -> 15 | I28: =$A28-I$25 -> 14 | J28: =$A28-J$25 -> 13 | ... Q28: =$A28-Q$25 -> 6
A29: 16 | C29: =$A29-C$25 -> 19 | D29: =$A29-D$25 -> 18 | E29: =$A29-E$25 -> 17 | F29: =$A29-F$25 -> 16 | G29: =$A29-G$25 -> 15 | H29: =$A29-H$25 -> 14 | I29: =$A29-I$25 -> 13 | J29: =$A29-J$25 -> 12 | ... Q29: =$A29-Q$25 -> 5
A30: 15 | C30: =$A30-C$25 -> 18 | D30: =$A30-D$25 -> 17 | E30: =$A30-E$25 -> 16 | F30: =$A30-F$25 -> 15 | G30: =$A30-G$25 -> 14 | H30: =$A30-H$25 -> 13 | I30: =$A30-I$25 -> 12 | J30: =$A30-J$25 -> 11 | ... Q30: =$A30-Q$25 -> 4
A31: 14 | C31: =$A31-C$25 -> 17 | D31: =$A31-D$25 -> 16 | E31: =$A31-E$25 -> 15 | F31: =$A31-F$25 -> 14 | G31: =$A31-G$25 -> 13 | H31: =$A31-H$25 -> 12 | I31: =$A31-I$25 -> 11 | J31: =$A31-J$25 -> 10 | ... Q31: =$A31-Q$25 -> 3
A32: 13 | C32: =$A32-C$25 -> 16 | D32: =$A32-D$25 -> 15 | E32: =$A32-E$25 -> 14 | F32: =$A32-F$25 -> 13 | G32: =$A32-G$25 -> 12 | H32: =$A32-H$25 -> 11 | I32: =$A32-I$25 -> 10 | J32: =$A32-J$25 -> 9 | ... Q32: =$A32-Q$25 -> 2
A33: 12 | C33: =$A33-C$25 -> 15 | D33: =$A33-D$25 -> 14 | E33: =$A33-E$25 -> 13 | F33: =$A33-F$25 -> 12 | G33: =$A33-G$25 -> 11 | H33: =$A33-H$25 -> 10 | I33: =$A33-I$25 -> 9 | J33: =$A33-J$25 -> 8 | ... Q33: =$A33-Q$25 -> 1
A34: 11 | C34: =$A34-C$25 -> 14 | D34: =$A34-D$25 -> 13 | E34: =$A34-E$25 -> 12 | F34: =$A34-F$25 -> 11 | G34: =$A34-G$25 -> 10 | H34: =$A34-H$25 -> 9 | I34: =$A34-I$25 -> 8 | J34: =$A34-J$25 -> 7 | ... Q34: =$A34-Q$25 -> 0
Q35: THAC0 - Tiro = CA Colpita
A37: Slot | B37: Esempio | K37: Armatura | M37: CA | N37: Slot | O37: U/E | P37: N | Q37: H
A38: 0 | B38: Anelli, amuleti, pergamene, chiavi, gemme | K38: Nessuna | M38: 9 | N38: 0 | O38: 40' | P38: 20' | Q38: 30'
A39: 1/3 | B39: Pozioni, acqua santa (fiale) | K39: Imbottita | M39: 8 | N39: 1 | O39: 40' | P39: 20' | Q39: 30'
A40: 1/2 | B40: Olio (fiasche) | K40: Cuoio | M40: 7 | N40: 2 | P40: 20' | Q40: 30'
A41: 1 | B41: Armi piccole, torce (6), corda, faretra, bacchette, sacco (+3 slot) | K41: Cuoio Borchiato | M41: 6 | N41: 2 | O41: 40' | P41: 20' | Q41: 30'
A42: 2 | B42: Armi medie, arm. leggere, scudo, arco c., balestra l., stivali, mantello | K42: Cotta di maglie | M42: 5 | N42: 2 | O42: 30' | P42: 20' | Q42: 20'
A43: 3 | B43: Armi grandi, armatura pesante, scudo grande, arco lungo, balestra p. | K43: Arm. a bande | M43: 4 | N43: 3 | O43: 20' | P43: 20' | Q43: -
K44: Arm. a Piastre | M44: 3 | N44: 3 | O44: 20' | P44: 20' | Q44: -
A45: Slot frazionari: ⅓ = 1-3 oggetti per slot | ½ = 1-2 oggetti per slot | K45: Pias. Completa | M45: 2 | N45: 3 | O45: 20' | P45: 20' | Q45: -
A46: Monete: 100 mo = 1 slot | K46: Scudo | M46: -1 | N46: 2
A47: Sacco grande: +3 slot extra (oggetti non fragili) | K47: Scudo Torre | M47: -2 | N47: 3 | O47: -10' Mov
A48: Borsa Conservante: +5 slot extra | Q48: by maru

Sheet Elf
A1: Giocatore | B1: Conno Darhov | G1: Guerriero Arcano Versatile | K1: Esperienza | N1: 33,650
A2: Razza | B2: Elfo | E2: Classe | G2: Elfo | I2: 5° | K2: Allineamento | N2: Neutrale
A4: CA | B4: 4 | E4: Slot | F4: 24 | G4: +8 | H4: ½ Mov. | L4: Iniziativa | M4: 0 | O4: PF | P4: 30
A5: Abilità | J5: Mod. | M5: Tiri salvezza
A6: 16 | B6: FOR | C6: Apre porte bloccate con 1-4 su 1d6 | J6: 2 | M6: Veleno, Raggio della Morte | P6: 10
A7: 12 | B7: DES | C7: Nessun modificatore | J7: 0 | M7: Bacchetta | P7: 11
A8: 13 | B8: COS | C8: Bonus punti ferita aggiunti al totale | J8: 1 | M8: Pietrificazione Paralisi | P8: 11
A9: 17 | B9: INT | C9: Legge e scrive più lingue | J9: 2 | M9: Soffio Drago | P9: 13
A10: 11 | B10: SAG | C10: Nessun modificatore | J10: 0 | M10: Incantesimi Bastone Magico | P10: 12
A11: 10 | B11: CAR | C11: Reazioni PNG +0, massimo 4 seguaci, morale seguaci 7 | J11: 0 | M11: TS: 1D20 ≥ valore TS = Successo TA: 1D20 ≤ valore attributo = Successo
A13: Lingue Parlate | D13: Movimento | H13: Piedi | I13: Metri | J13: Quad. | K13: Sprint | L13: Malus | N13: Slot/Equipaggiamento
A14: Common, Nanco, Gnomesco, Koboldo,Goblin | D14: Combattimento | G14: 1R | H14: 30 | I14: =J14*1.5 -> 9 | J14: =H14/5 -> 6 | K14: 12 dm | L14: - | N14: 2/Cotta di maglia
D15: Esplorazione | G15: 1T | H15: =H14*3 -> 90 | I15: =J15*1.5 -> 27 | J15: =H15/5 -> 18 | K15: - | L15: - | N15: 1/Pugnali (2)
D16: Correre | G16: 1R | H16: =H14*3 -> 90 | I16: =J16*1.5 -> 27 | J16: =H16/5 -> 18 | K16: =J16+(J16/2) -> 27 | L16: -2 Tiri 10R (max 3 R) | N16: 2/Spada + 1
A17: THAC0 - Tiro = CA Colpita | D17: Arrampicarsi | G17: 1R | H17: =H14/2 -> 15 | I17: =J17*1.5 -> 4.5 | J17: =H17/5 -> 3 | K17: =J17+(J17/2) -> 4.5 | N17: 3/Arco Lungo
A18: 1R = 10 Sec. | 1T = 10 Min. | D18: Nuotare | G18: 1R | H18: =H14/2 -> 15 | I18: =J18*1.5 -> 4.5 | J18: =H18/5 -> 3 | K18: =J18+(J18/2) -> 4.5 | N18: 0/Vestiti, Cintura, Stivali
D19: Giornaliero | G19: 1G | H19: 18mi | I19: 29km | K19: - | L19: - | N19: 1/Libro Incantesimi
N20: 1/Faretra
A21: Carica +2TxC +2CA min.4□ | Ritirata difensiva ½Mv nega attacco nemico | Difesa totale -2CA ½Mv | N21: 2/Scudo
A22: Spinta 1d20+mod.FOR vs +1□ | Disarmo -4TxC | Parare(F) -4CA ½Mv | Colpo potente(F) -5TxC +5PF | O22: Slot | P22: 12
A23: Afferrrare TxC vs CA, Liberarsi da presa 1d20+mod.FOR vs, Azione Pronta inter. turno nemico
A24: Scambiare Posizione ½Mv | Attraversare alleati +1□ | Passare oggetto: chi passa usa azione | O24: Banca | P24: Trasportati
A25: Combattimento in fila: 2* fila armi lunghe | Preparare per carica Dannox2 | N25: pp
A26: Prone: +2 TxC nemici, ½Mv per alzarsi | Raccolgiere arma: Mov.+Racc. o Racc.+Att. | N26: mo | P26: 500
A27: Copertura: Parziale -2TxC +2CA, Quasi Tot. -4TxC +4CA | Area: Parz. +2 TS, Quasi Tot. +4 TS | N27: ma
A28: Tiro oltre 1* PG/Mostri: -2TxC Lancio/-4TxC Tiro, 1/1-2 Colpito Alleato | N28: mr
A29: TxC Distanza: corta +1, normale 0, lunga -1 | O29: Slot | P29: 5
A31: Incantesimi Scelti | C31: 1°/2 | E31: 2°/2 | G31: 3°/1 | N31: Abilità
A32: 1 Livello | B32: Dardo Incantato 2d6+2 150' x 2 | N32: 2/6 trovare porte segrete
A33: 2 Livello | B33: Immagine Speculare 1d4 6T, Scassinare 60' | N33: 1/6 Ascoltare rumori
A34: 3 Livello | B34: Fulmine 5d6 60'x5' | N34: 2/6 ascoltare attr. Porte
N35: Immune paralisi Ghoul
L40: THAC0
A41: Arma | B41: Range | C41: AC 9 | D41: 8 | E41: =D41-1 -> 7 | F41: =E41-1 -> 6 | G41: =F41-1 -> 5 | H41: =G41-1 -> 4 | I41: =H41-1 -> 3 | J41: =I41-1 -> 2 | K41: =J41-1 -> 1 | L41: =K41-1 -> 0 | M41: Danno | O41: Note
A42: Spada | B42: melee | C42: 5 | D42: =C42+1 -> 6 | E42: =D42+1 -> 7 | F42: =E42+1 -> 8 | G42: =F42+1 -> 9 | H42: =G42+1 -> 10 | I42: =H42+1 -> 11 | J42: =I42+1 -> 12 | K42: =J42+1 -> 13 | L42: =K42+1 -> 14 | M42: 1d8+3
A43: Pugnale | B43: melee | C43: 6 | D43: =C43+1 -> 7 | E43: =D43+1 -> 8 | F43: =E43+1 -> 9 | G43: =F43+1 -> 10 | H43: =G43+1 -> 11 | I43: =H43+1 -> 12 | J43: =I43+1 -> 13 | K43: =J43+1 -> 14 | L43: =K43+1 -> 15 | M43: 1d4+2 | O43: lanciabile 10/20/30'
A44: Arco Lungo | B44: 70/140/210' | C44: 8 | D44: =C44+1 -> 9 | E44: =D44+1 -> 10 | F44: =E44+1 -> 11 | G44: =F44+1 -> 12 | H44: =G44+1 -> 13 | I44: =H44+1 -> 14 | J44: =I44+1 -> 15 | K44: =J44+1 -> 16 | L44: =K44+1 -> 17 | M44: 1d6 | O44: 12 freccie

Sheet Retro E
A1: Slot Totali | C1: =Elf!F4 -> 24 | E1: Sovraccarico | G1: =Elf!G4 -> +8 | I1: Slot Bonus | M1: Slot Occupati | O1: =Elf!P22+Elf!P29 -> 17
A2: Oggetto | H2: Qt. | I2: Slot | J2: STATS
A3: 1 | J3: PF
A4: =A3+1 -> 2
A5: =A4+1 -> 3
A6: =A5+1 -> 4 | J6: THACO0
A7: =A6+1 -> 5 | J7: +TS | K7: V | L7: B | M7: P | N7: S | O7: I
A8: =A7+1 -> 6 | J8: CA
A9: =A8+1 -> 7 | J9: 1 liv.
A10: =A9+1 -> 8 | J10: 2 liv.
A11: =A10+1 -> 9 | J11: 3 liv.
A12: =A11+1 -> 10 | J12: 4 liv.
A13: =A12+1 -> 11 | J13: 5 liv.
A14: =A13+1 -> 12 | J14: Cariche
A15: =A14+1 -> 13 | J15: A. Santa
A16: =A15+1 -> 14 | J16: Olio
A17: =A16+1 -> 15 | J17: Torcie
A18: =A17+1 -> 16 | J18: Dardi
A19: =A18+1 -> 17 | J19: Quadrelli
... A22: =A21+1 -> 20 | J22: Pietre
Q23: =10
A24: THAC0 | C24: CA | D24: CA | E24: CA | F24: CA | G24: CA | H24: CA | I24: CA | J24: CA | K24: CA | L24: CA | M24: CA | N24: CA | O24: CA | P24: CA | Q24: CA
C25: -3 | D25: =C25+1 -> -2 | E25: =D25+1 -> -1 | F25: =E25+1 -> 0 | G25: =F25+1 -> 1 | H25: =G25+1 -> 2 | I25: =H25+1 -> 3 | J25: =I25+1 -> 4 | K25: =J25+1 -> 5 | ... Q25: =P25+1 -> 11
A26: 19 | C26: =$A26-C$25 -> 22 | D26: =$A26-D$25 -> 21 | E26: =$A26-E$25 -> 20 | F26: =$A26-F$25 -> 19 | G26: =$A26-G$25 -> 18 | H26: =$A26-H$25 -> 17 | I26: =$A26-I$25 -> 16 | J26: =$A26-J$25 -> 15 | ... Q26: =$A26-Q$25 -> 8
A27: 18 | C27: =$A27-C$25 -> 21 | D27: =$A27-D$25 -> 20 | E27: =$A27-E$25 -> 19 | F27: =$A27-F$25 -> 18 | G27: =$A27-G$25 -> 17 | H27: =$A27-H$25 -> 16 | I27: =$A27-I$25 -> 15 | J27: =$A27-J$25 -> 14 | ... Q27: =$A27-Q$25 -> 7
A28: 17 | C28: =$A28-C$25 -> 20 | D28: =$A28-D$25 -> 19 | E28: =$A28-E$25 -> 18 | F28: =$A28-F$25 -> 17 | G28: =$A28-G$25 -> 16 | H28: =$A28-H$25 -> 15 | I28: =$A28-I$25 -> 14 | J28: =$A28-J$25 -> 13 | ... Q28: =$A28-Q$25 -> 6
A29: 16 | C29: =$A29-C$25 -> 19 | D29: =$A29-D$25 -> 18 | E29: =$A29-E$25 -> 17 | F29: =$A29-F$25 -> 16 | G29: =$A29-G$25 -> 15 | H29: =$A29-H$25 -> 14 | I29: =$A29-I$25 -> 13 | J29: =$A29-J$25 -> 12 | ... Q29: =$A29-Q$25 -> 5
A30: 15 | C30: =$A30-C$25 -> 18 | D30: =$A30-D$25 -> 17 | E30: =$A30-E$25 -> 16 | F30: =$A30-F$25 -> 15 | G30: =$A30-G$25 -> 14 | H30: =$A30-H$25 -> 13 | I30: =$A30-I$25 -> 12 | J30: =$A30-J$25 -> 11 | ... Q30: =$A30-Q$25 -> 4
A31: 14 | C31: =$A31-C$25 -> 17 | D31: =$A31-D$25 -> 16 | E31: =$A31-E$25 -> 15 | F31: =$A31-F$25 -> 14 | G31: =$A31-G$25 -> 13 | H31: =$A31-H$25 -> 12 | I31: =$A31-I$25 -> 11 | J31: =$A31-J$25 -> 10 | ... Q31: =$A31-Q$25 -> 3
A32: 13 | C32: =$A32-C$25 -> 16 | D32: =$A32-D$25 -> 15 | E32: =$A32-E$25 -> 14 | F32: =$A32-F$25 -> 13 | G32: =$A32-G$25 -> 12 | H32: =$A32-H$25 -> 11 | I32: =$A32-I$25 -> 10 | J32: =$A32-J$25 -> 9 | ... Q32: =$A32-Q$25 -> 2
A33: 12 | C33: =$A33-C$25 -> 15 | D33: =$A33-D$25 -> 14 | E33: =$A33-E$25 -> 13 | F33: =$A33-F$25 -> 12 | G33: =$A33-G$25 -> 11 | H33: =$A33-H$25 -> 10 | I33: =$A33-I$25 -> 9 | J33: =$A33-J$25 -> 8 | ... Q33: =$A33-Q$25 -> 1
A34: 11 | C34: =$A34-C$25 -> 14 | D34: =$A34-D$25 -> 13 | E34: =$A34-E$25 -> 12 | F34: =$A34-F$25 -> 11 | G34: =$A34-G$25 -> 10 | H34: =$A34-H$25 -> 9 | I34: =$A34-I$25 -> 8 | J34: =$A34-J$25 -> 7 | ... Q34: =$A34-Q$25 -> 0
Q35: THAC0 - Tiro = CA Colpita
A37: Slot | B37: Esempio | K37: Armatura | M37: CA | N37: Slot | O37: U/E | P37: N | Q37: H
A38: 0 | B38: Anelli, amuleti, pergamene, chiavi, gemme | K38: Nessuna | M38: 9 | N38: 0 | O38: 40' | P38: 20' | Q38: 30'
A39: 1/3 | B39: Pozioni, acqua santa (fiale) | K39: Imbottita | M39: 8 | N39: 1 | O39: 40' | P39: 20' | Q39: 30'
A40: 1/2 | B40: Olio (fiasche) | K40: Cuoio | M40: 7 | N40: 2 | P40: 20' | Q40: 30'
A41: 1 | B41: Armi piccole, torce (6), corda, faretra, bacchette, sacco (+3 slot) | K41: Cuoio Borchiato | M41: 6 | N41: 2 | O41: 40' | P41: 20' | Q41: 30'
A42: 2 | B42: Armi medie, arm. leggere, scudo, arco c., balestra l., stivali, mantello | K42: Cotta di maglie | M42: 1d8+3 | N42: 2 | O42: 30' | P42: 20' | Q42: 20'
A43: 3 | B43: Armi grandi, armatura pesante, scudo grande, arco lungo, balestra p. | K43: Arm. a bande | M43: 4 | N43: 3 | O43: 20' | P43: 20' | Q43: -
K44: Arm. a Piastre | M44: 3 | N44: 3 | O44: 20' | P44: 20' | Q44: -
A45: Slot frazionari: ⅓ = 1-3 oggetti per slot | ½ = 1-2 oggetti per slot | K45: Pias. Completa | M45: 2 | N45: 3 | O45: 20' | P45: 20' | Q45: -
A46: Monete: 100 mo = 1 slot | K46: Scudo | M46: -1 | N46: 2
A47: Sacco grande: +3 slot extra (oggetti non fragili) | K47: Scudo Torre | M47: -2 | N47: 3 | O47: -10' Mov
A48: Borsa Conservante: +5 slot extra | Q48: by maru

Sheet Dwarf
A1: Giocatore | B1: Seska Poluth | G1: Nano Corazzato Resistente | K1: Esperienza | N1: 30.000
A2: Razza | B2: Nano | E2: Classe | G2: Nano | I2: 5° | K2: Allineamento | N2: Neutrale
A4: CA | B4: 2 | E4: Slot | F4: 22 | G4: +7 | H4: ½ Mov. | L4: Iniziativa | M4: 0 | O4: PF | P4: 44
A5: Abilità | J5: Mod. | M5: Tiri salvezza
A6: 13 | B6: FOR | C6: Apre porte bloccate con 1-3 su 1d6 | J6: 1 | M6: Veleno, Raggio della Morte | P6: 6
A7: 10 | B7: DES | C7: Nessun modificatore | J7: 0 | M7: Bacchetta | P7: 7
A8: 16 | B8: COS | C8: Bonus punti ferita aggiunti al totale | J8: 2 | M8: Pietrificazione Paralisi | P8: 8
A9: 10 | B9: INT | C9: Legge e scrive nella lingua nativa | J9: 0 | M9: Soffio Drago | P9: 10
A10: 13 | B10: SAG | C10: Bonus ai TS contro magia | J10: 1 | M10: Incantesimi Bastone Magico | P10: 9
A11: 11 | B11: CAR | C11: Reazioni PNG +0, massimo 4 seguaci, morale seguaci 7 | J11: 0 | M11: TS: 1D20 ≥ valore TS = Successo TA: 1D20 ≤ valore attributo = Successo
A13: Lingue Parlate | D13: Movimento | H13: Piedi | I13: Metri | J13: Quad. | K13: Sprint | L13: Malus | N13: Slot/Equipaggiamento
A14: Common, Nanco, Gnomesco, Koboldo,Goblin | D14: Combattimento | G14: 1R | H14: 20 | I14: =J14*1.5 -> 6 | J14: =H14/5 -> 4 | K14: 8 dm | L14: - | N14: 3/Armatura a piastre
D15: Esplorazione | G15: 1T | H15: 60 | I15: =J15*1.5 -> 18 | J15: =H15/5 -> 12 | K15: - | L15: - | N15: 1/Pugnali (2)
D16: Correre | G16: 1R | H16: 60 | I16: =J16*1.5 -> 18 | J16: =H16/5 -> 12 | K16: =J16+(J16/2) -> 18 | L16: -2 Tiri 10R (max 3 R) | N16: 2/Arco Corto
A17: THAC0 - Tiro = CA Colpita | D17: Arrampicarsi | G17: 1R | H17: 10 | I17: =J17*1.5 -> 3 | J17: =H17/5 -> 2 | K17: =J17+(J17/2) -> 3 | N17: 0/Vestiti, Cintura, Stivali
A18: 1R = 10 Sec. | 1T = 10 Min. | D18: Nuotare | G18: 1R | H18: 10 | I18: =J18*1.5 -> 3 | J18: =H18/5 -> 2 | K18: =J18+(J18/2) -> 3 | N18: 2/Ascia da Battaglia + 1
D19: Giornaliero | G19: 1G | H19: 12 mi | I19: 19km | K19: - | L19: - | N19: 2/Scudo
N20: 1/Faretra
A21: Carica +2TxC +2CA min.4□ | Ritirata difensiva ½Mv nega attacco nemico | Difesa totale -2CA ½Mv
A22: Spinta 1d20+mod.FOR vs +1□ | Disarmo -4TxC | Parare(F) -4CA ½Mv | Colpo potente(F) -5TxC +5PF | O22: Slot | P22: 11
A23: Afferrrare TxC vs CA, Liberarsi da presa 1d20+mod.FOR vs, Azione Pronta inter. turno nemico
A24: Scambiare Posizione ½Mv | Attraversare alleati +1□ | Passare oggetto: chi passa usa azione | O24: Banca | P24: Trasportati
A25: Combattimento in fila: 2* fila armi lunghe | Preparare per carica Dannox2 | N25: pp
A26: Prone: +2 TxC nemici, ½Mv per alzarsi | Raccolgiere arma: Mov.+Racc. o Racc.+Att. | N26: mo | P26: 500
A27: Copertura: Parziale -2TxC +2CA, Quasi Tot. -4TxC +4CA | Area: Parz. +2 TS, Quasi Tot. +4 TS | N27: ma
A28: Tiro oltre 1* PG/Mostri: -2TxC Lancio/-4TxC Tiro, 1/1-2 Colpito Alleato | N28: mr
A29: TxC Distanza: corta +1, normale 0, lunga -1 | O29: Slot | P29: 5
A31: Combinazioni | C31: CA | N31: Abilità
A32: Ascia/pugnale + Scudo | C32: 2 | N32: 1/6 trovare porte segrete
A33: Ascia due mani | C33: 3 | N33: 1/6 Ascoltare rumori
A34: Arco Corto | C34: 3 | N34: 1/6 ascoltare attr. Porte
A35: Pugnale | C35: 3 | N35: Infravsione 60'/12q
L40: THAC0
A41: Arma | B41: Range | C41: AC 9 | D41: 8 | E41: =D41-1 -> 7 | F41: =E41-1 -> 6 | G41: =F41-1 -> 5 | H41: =G41-1 -> 4 | I41: =H41-1 -> 3 | J41: =I41-1 -> 2 | K41: =J41-1 -> 1 | L41: =K41-1 -> 0 | M41: Danno | O41: Note
A42: Ascia da B. | B42: melee lenta | C42: 6 | D42: =C42+1 -> 7 | E42: =D42+1 -> 8 | F42: =E42+1 -> 9 | G42: =F42+1 -> 10 | H42: =G42+1 -> 11 | I42: =H42+1 -> 12 | J42: =I42+1 -> 13 | K42: =J42+1 -> 14 | L42: =K42+1 -> 15 | M42: 1d8+2 | O42: 1 mano 1d6+2
A43: Pugnale | B43: melee | C43: 7 | D43: =C43+1 -> 8 | E43: =D43+1 -> 9 | F43: =E43+1 -> 10 | G43: =F43+1 -> 11 | H43: =G43+1 -> 12 | I43: =H43+1 -> 13 | J43: =I43+1 -> 14 | K43: =J43+1 -> 15 | L43: =K43+1 -> 16 | M43: 1d4+1 | O43: lanciabile 10/20/30'
A44: Arco Corto | B44: 50/100/150 | C44: 8 | D44: =C44+1 -> 9 | E44: =D44+1 -> 10 | F44: =E44+1 -> 11 | G44: =F44+1 -> 12 | H44: =G44+1 -> 13 | I44: =H44+1 -> 14 | J44: =I44+1 -> 15 | K44: =J44+1 -> 16 | L44: =K44+1 -> 17 | M44: 1d6 | O44: 12 freccie

Sheet Retro N
A1: Slot Totali | C1: =Dwarf!F4 -> 22 | E1: Sovraccarico | G1: =Dwarf!G4 -> +7 | I1: Slot Bonus | M1: Slot Occupati | O1: =Dwarf!P22+Dwarf!P29 -> 16
A2: Oggetto | H2: Qt. | I2: Slot | J2: STATS
A3: 1 | J3: PF
A4: =A3+1 -> 2
A5: =A4+1 -> 3
A6: =A5+1 -> 4 | J6: THACO0
A7: =A6+1 -> 5 | J7: +TS | K7: V | L7: B | M7: P | N7: S | O7: I
A8: =A7+1 -> 6 | J8: CA
A9: =A8+1 -> 7 | J9: 1 liv.
A10: =A9+1 -> 8 | J10: 2 liv.
A11: =A10+1 -> 9 | J11: 3 liv.
A12: =A11+1 -> 10 | J12: 4 liv.
A13: =A12+1 -> 11 | J13: 5 liv.
A14: =A13+1 -> 12 | J14: Cariche
A15: =A14+1 -> 13 | J15: A. Santa
A16: =A15+1 -> 14 | J16: Olio
A17: =A16+1 -> 15 | J17: Torcie
A18: =A17+1 -> 16 | J18: Dardi
A19: =A18+1 -> 17 | J19: Quadrelli
... A22: =A21+1 -> 20 | J22: Pietre
Q23: =10
A24: THAC0 | C24: CA | D24: CA | E24: CA | F24: CA | G24: CA | H24: CA | I24: CA | J24: CA | K24: CA | L24: CA | M24: CA | N24: CA | O24: CA | P24: CA | Q24: CA
C25: -3 | D25: =C25+1 -> -2 | E25: =D25+1 -> -1 | F25: =E25+1 -> 0 | G25: =F25+1 -> 1 | H25: =G25+1 -> 2 | I25: =H25+1 -> 3 | J25: =I25+1 -> 4 | K25: =J25+1 -> 5 | ... Q25: =P25+1 -> 11
A26: 19 | C26: =$A26-C$25 -> 22 | D26: =$A26-D$25 -> 21 | E26: =$A26-E$25 -> 20 | F26: =$A26-F$25 -> 19 | G26: =$A26-G$25 -> 18 | H26: =$A26-H$25 -> 17 | I26: =$A26-I$25 -> 16 | J26: =$A26-J$25 -> 15 | ... Q26: =$A26-Q$25 -> 8
A27: 18 | C27: =$A27-C$25 -> 21 | D27: =$A27-D$25 -> 20 | E27: =$A27-E$25 -> 19 | F27: =$A27-F$25 -> 18 | G27: =$A27-G$25 -> 17 | H27: =$A27-H$25 -> 16 | I27: =$A27-I$25 -> 15 | J27: =$A27-J$25 -> 14 | ... Q27: =$A27-Q$25 -> 7
A28: 17 | C28: =$A28-C$25 -> 20 | D28: =$A28-D$25 -> 19 | E28: =$A28-E$25 -> 18 | F28: =$A28-F$25 -> 17 | G28: =$A28-G$25 -> 16 | H28: =$A28-H$25 -> 15 | I28: =$A28-I$25 -> 14 | J28: =$A28-J$25 -> 13 | ... Q28: =$A28-Q$25 -> 6
A29: 16 | C29: =$A29-C$25 -> 19 | D29: =$A29-D$25 -> 18 | E29: =$A29-E$25 -> 17 | F29: =$A29-F$25 -> 16 | G29: =$A29-G$25 -> 15 | H29: =$A29-H$25 -> 14 | I29: =$A29-I$25 -> 13 | J29: =$A29-J$25 -> 12 | ... Q29: =$A29-Q$25 -> 5
A30: 15 | C30: =$A30-C$25 -> 18 | D30: =$A30-D$25 -> 17 | E30: =$A30-E$25 -> 16 | F30: =$A30-F$25 -> 15 | G30: =$A30-G$25 -> 14 | H30: =$A30-H$25 -> 13 | I30: =$A30-I$25 -> 12 | J30: =$A30-J$25 -> 11 | ... Q30: =$A30-Q$25 -> 4
A31: 14 | C31: =$A31-C$25 -> 17 | D31: =$A31-D$25 -> 16 | E31: =$A31-E$25 -> 15 | F31: =$A31-F$25 -> 14 | G31: =$A31-G$25 -> 13 | H31: =$A31-H$25 -> 12 | I31: =$A31-I$25 -> 11 | J31: =$A31-J$25 -> 10 | ... Q31: =$A31-Q$25 -> 3
A32: 13 | C32: =$A32-C$25 -> 16 | D32: =$A32-D$25 -> 15 | E32: =$A32-E$25 -> 14 | F32: =$A32-F$25 -> 13 | G32: =$A32-G$25 -> 12 | H32: =$A32-H$25 -> 11 | I32: =$A32-I$25 -> 10 | J32: =$A32-J$25 -> 9 | ... Q32: =$A32-Q$25 -> 2
A33: 12 | C33: =$A33-C$25 -> 15 | D33: =$A33-D$25 -> 14 | E33: =$A33-E$25 -> 13 | F33: =$A33-F$25 -> 12 | G33: =$A33-G$25 -> 11 | H33: =$A33-H$25 -> 10 | I33: =$A33-I$25 -> 9 | J33: =$A33-J$25 -> 8 | ... Q33: =$A33-Q$25 -> 1
A34: 11 | C34: =$A34-C$25 -> 14 | D34: =$A34-D$25 -> 13 | E34: =$A34-E$25 -> 12 | F34: =$A34-F$25 -> 11 | G34: =$A34-G$25 -> 10 | H34: =$A34-H$25 -> 9 | I34: =$A34-I$25 -> 8 | J34: =$A34-J$25 -> 7 | ... Q34: =$A34-Q$25 -> 0
Q35: THAC0 - Tiro = CA Colpita
A37: Slot | B37: Esempio | K37: Armatura | M37: CA | N37: Slot | O37: U/E | P37: N | Q37: H
A38: 0 | B38: Anelli, amuleti, pergamene, chiavi, gemme | K38: Nessuna | M38: 9 | N38: 0 | O38: 40' | P38: 20' | Q38: 30'
A39: 1/3 | B39: Pozioni, acqua santa (fiale) | K39: Imbottita | M39: 8 | N39: 1 | O39: 40' | P39: 20' | Q39: 30'
A40: 1/2 | B40: Olio (fiasche) | K40: Cuoio | M40: 7 | N40: 2 | P40: 20' | Q40: 30'
A41: 1 | B41: Armi piccole, torce (6), corda, faretra, bacchette, sacco (+3 slot) | K41: Cuoio Borchiato | M41: 6 | N41: 2 | O41: 40' | P41: 20' | Q41: 30'
A42: 2 | B42: Armi medie, arm. leggere, scudo, arco c., balestra l., stivali, mantello | K42: Cotta di maglie | M42: 5 | N42: 2 | O42: 30' | P42: 20' | Q42: 20'
A43: 3 | B43: Armi grandi, armatura pesante, scudo grande, arco lungo, balestra p. | K43: Arm. a bande | M43: 4 | N43: 3 | O43: 20' | P43: 20' | Q43: -
K44: Arm. a Piastre | M44: 3 | N44: 3 | O44: 20' | P44: 20' | Q44: -
A45: Slot frazionari: ⅓ = 1-3 oggetti per slot | ½ = 1-2 oggetti per slot | K45: Pias. Completa | M45: 2 | N45: 3 | O45: 20' | P45: 20' | Q45: -
A46: Monete: 100 mo = 1 slot | K46: Scudo | M46: -1 | N46: 2
A47: Sacco grande: +3 slot extra (oggetti non fragili) | K47: Scudo Torre | M47: -2 | N47: 3 | O47: -10' Mov
A48: Borsa Conservante: +5 slot extra | Q48: by maru

Sheet Thief
A1: Giocatore | B1: Cesaire Thorn | G1: Agile Furtivo Preciso | K1: Esperienza | N1: 30.000
A2: Razza | B2: Umano | E2: Classe | G2: Ladro | I2: 6° | K2: Allineamento | N2: Neutrale
A4: CA | B4: 4 | E4: Slot | F4: 20 | G4: +6 | H4: ½ Mov. | L4: Iniziativa | M4: 2 | O4: PF | P4: 26
A5: Abilità | J5: Mod. | M5: Tiri salvezza
A6: 9 | B6: FOR | C6: Apre porte bloccate con 1-2 su 1d6 | J6: 0 | M6: Veleno, Raggio della Morte | P6: 12
A7: 16 | B7: DES | C7: Bonus a attacchi a distanza, CA, iniziativa | J7: 2 | M7: Bacchetta | P7: 13
A8: 13 | B8: COS | C8: Bonus punti ferita aggiunti al totale | J8: 1 | M8: Pietrificazione Paralisi | P8: 11
A9: 14 | B9: INT | C9: Legge e scrive più lingue | J9: 1 | M9: Soffio Drago | P9: 14
A10: 6 | B10: SAG | C10: Penalità ai TS contro magia | J10: -1 | M10: Incantesimi Bastone Magico | P10: 12
A11: 10 | B11: CAR | C11: Reazioni PNG +0, massimo 4 seguaci, morale seguaci 7 | J11: 0 | M11: TS: 1D20 ≥ valore TS = Successo TA: 1D20 ≤ valore attributo = Successo
A13: Lingue Parlate | D13: Movimento | H13: Piedi | I13: Metri | J13: Quad. | K13: Sprint | L13: Malus | N13: Slot/Equipaggiamento
A14: Common, Nanco, Gnomesco, Koboldo,Goblin | D14: Combattimento | G14: 1R | H14: 40 | I14: =J14*1.5 -> 12 | J14: =H14/5 -> 8 | K14: 16 dm | L14: - | N14: 2/Armatura di cuoio +1
D15: Esplorazione | G15: 1T | H15: =H14*3 -> 120 | I15: =J15*1.5 -> 36 | J15: =H15/5 -> 24 | K15: - | L15: - | N15: 1/Pugnali (2)
D16: Correre | G16: 1R | H16: =H14*3 -> 120 | I16: =J16*1.5 -> 36 | J16: =H16/5 -> 24 | K16: =J16+(J16/2) -> 36 | L16: -2 Tiri 10R (max 3 R) | N16: 2/Arco Corto
A17: THAC0 - Tiro = CA Colpita | D17: Arrampicarsi | G17: 1R | H17: =H14/2 -> 20 | I17: =J17*1.5 -> 6 | J17: =H17/5 -> 4 | K17: =J17+(J17/2) -> 6 | N17: 0/Vestiti, Cintura, Stivali
A18: 1R = 10 Sec. | 1T = 10 Min. | D18: Nuotare | G18: 1R | H18: =H14/2 -> 20 | I18: =J18*1.5 -> 6 | J18: =H18/5 -> 4 | K18: =J18+(J18/2) -> 6 | N18: 1/Atrezzi da scasso
D19: Giornaliero | G19: 1G | H19: 24mi | I19: 38km | K19: - | L19: - | N19: 2/Spada
N20: 1/Faretra
A21: Carica +2TxC +2CA min.4□ | Ritirata difensiva ½Mv nega attacco nemico | Difesa totale -2CA ½Mv
A22: Spinta 1d20+mod.FOR vs +1□ | Disarmo -4TxC | Parare(F) -4CA ½Mv | Colpo potente(F) -5TxC +5PF | O22: Slot | P22: 9
A23: Afferrrare TxC vs CA, Liberarsi da presa 1d20+mod.FOR vs, Azione Pronta inter. turno nemico
A24: Scambiare Posizione ½Mv | Attraversare alleati +1□ | Passare oggetto: chi passa usa azione | O24: Banca | P24: Trasportati
A25: Combattimento in fila: 2* fila armi lunghe | Preparare per carica Dannox2 | N25: pp
A26: Prone: +2 TxC nemici, ½Mv per alzarsi | Raccolgiere arma: Mov.+Racc. o Racc.+Att. | N26: mo | P26: 500
A27: Copertura: Parziale -2TxC +2CA, Quasi Tot. -4TxC +4CA | Area: Parz. +2 TS, Quasi Tot. +4 TS | N27: ma
A28: Tiro oltre 1* PG/Mostri: -2TxC Lancio/-4TxC Tiro, 1/1-2 Colpito Alleato | N28: mr
A29: TxC Distanza: corta +1, normale 0, lunga -1 | O29: Slot | P29: 5
A32: Scassinare | C32: 0.45 | E32: Scalare Parti Lisce | J32: 0.92 | N32: Abilità
A33: Trov./Rim. Trappole | C33: 0.4 | E33: Nascondersi nelle Ombre | J33: 0.36 | N33: 1/6 trovare porte segrete
A34: Borseggiare | C34: 0.45 | E34: Leg. Lingue non Magiche | J34: 0.8 | N34: 3/6 Ascoltare rumori
A35: Muoversi Silenziosamente | C35: 0.45 | E35: Attacco alle Spalle +4 TxC, Danno x 2 | N35: 3/6 ascoltare attr. Porte
L40: THAC0
A41: Arma | B41: Range | C41: AC 9 | D41: 8 | E41: =D41-1 -> 7 | F41: =E41-1 -> 6 | G41: =F41-1 -> 5 | H41: =G41-1 -> 4 | I41: =H41-1 -> 3 | J41: =I41-1 -> 2 | K41: =J41-1 -> 1 | L41: =K41-1 -> 0 | M41: Danno | O41: Note
A42: Spada | B42: melee | C42: 8 | D42: =C42+1 -> 9 | E42: =D42+1 -> 10 | F42: =E42+1 -> 11 | G42: =F42+1 -> 12 | H42: =G42+1 -> 13 | I42: =H42+1 -> 14 | J42: =I42+1 -> 15 | K42: =J42+1 -> 16 | L42: =K42+1 -> 17 | M42: 1d8
A43: Pugnale | B43: melee | C43: 8 | D43: =C43+1 -> 9 | E43: =D43+1 -> 10 | F43: =E43+1 -> 11 | G43: =F43+1 -> 12 | H43: =G43+1 -> 13 | I43: =H43+1 -> 14 | J43: =I43+1 -> 15 | K43: =J43+1 -> 16 | L43: =K43+1 -> 17 | M43: 1d4 | O43: lanciabile 10/20/30'
A44: Arco Corto | B44: 50/100/150' | C44: 6 | D44: =C44+1 -> 7 | E44: =D44+1 -> 8 | F44: =E44+1 -> 9 | G44: =F44+1 -> 10 | H44: =G44+1 -> 11 | I44: =H44+1 -> 12 | J44: =I44+1 -> 13 | K44: =J44+1 -> 14 | L44: =K44+1 -> 15 | M44: 1d6 | O44: 12 freccie

Sheet Retro L
A1: Slot Totali | C1: =Thief!F4 -> 20 | E1: Sovraccarico | G1: =Thief!G4 -> +6 | I1: Slot Bonus | M1: Slot Occupati | O1: =Thief!P22+Thief!P29 -> 14
A2: Oggetto | H2: Qt. | I2: Slot | J2: STATS
A3: 1 | J3: PF
A4: =A3+1 -> 2
A5: =A4+1 -> 3
A6: =A5+1 -> 4 | J6: THACO0
A7: =A6+1 -> 5 | J7: +TS | K7: V | L7: B | M7: P | N7: S | O7: I
A8: =A7+1 -> 6 | J8: CA
A9: =A8+1 -> 7 | J9: 1 liv.
A10: =A9+1 -> 8 | J10: 2 liv.
A11: =A10+1 -> 9 | J11: 3 liv.
A12: =A11+1 -> 10 | J12: 4 liv.
A13: =A12+1 -> 11 | J13: 5 liv.
A14: =A13+1 -> 12 | J14: Cariche
A15: =A14+1 -> 13 | J15: A. Santa
A16: =A15+1 -> 14 | J16: Olio
A17: =A16+1 -> 15 | J17: Torcie
A18: =A17+1 -> 16 | J18: Dardi
A19: =A18+1 -> 17 | J19: Quadrelli
... A22: =A21+1 -> 20 | J22: Pietre
Q23: =10
A24: THAC0 | C24: CA | D24: CA | E24: CA | F24: CA | G24: CA | H24: CA | I24: CA | J24: CA | K24: CA | L24: CA | M24: CA | N24: CA | O24: CA | P24: CA | Q24: CA
C25: -3 | D25: =C25+1 -> -2 | E25: =D25+1 -> -1 | F25: =E25+1 -> 0 | G25: =F25+1 -> 1 | H25: =G25+1 -> 2 | I25: =H25+1 -> 3 | J25: =I25+1 -> 4 | K25: =J25+1 -> 5 | ... Q25: =P25+1 -> 11
A26: 19 | C26: =$A26-C$25 -> 22 | D26: =$A26-D$25 -> 21 | E26: =$A26-E$25 -> 20 | F26: =$A26-F$25 -> 19 | G26: =$A26-G$25 -> 18 | H26: =$A26-H$25 -> 17 | I26: =$A26-I$25 -> 16 | J26: =$A26-J$25 -> 15 | ... Q26: =$A26-Q$25 -> 8
A27: 18 | C27: =$A27-C$25 -> 21 | D27: =$A27-D$25 -> 20 | E27: =$A27-E$25 -> 19 | F27: =$A27-F$25 -> 18 | G27: =$A27-G$25 -> 17 | H27: =$A27-H$25 -> 16 | I27: =$A27-I$25 -> 15 | J27: =$A27-J$25 -> 14 | ... Q27: =$A27-Q$25 -> 7
A28: 17 | C28: =$A28-C$25 -> 20 | D28: =$A28-D$25 -> 19 | E28: =$A28-E$25 -> 18 | F28: =$A28-F$25 -> 17 | G28: =$A28-G$25 -> 16 | H28: =$A28-H$25 -> 15 | I28: =$A28-I$25 -> 14 | J28: =$A28-J$25 -> 13 | ... Q28: =$A28-Q$25 -> 6
A29: 16 | C29: =$A29-C$25 -> 19 | D29: =$A29-D$25 -> 18 | E29: =$A29-E$25 -> 17 | F29: =$A29-F$25 -> 16 | G29: =$A29-G$25 -> 15 | H29: =$A29-H$25 -> 14 | I29: =$A29-I$25 -> 13 | J29: =$A29-J$25 -> 12 | ... Q29: =$A29-Q$25 -> 5
A30: 15 | C30: =$A30-C$25 -> 18 | D30: =$A30-D$25 -> 17 | E30: =$A30-E$25 -> 16 | F30: =$A30-F$25 -> 15 | G30: =$A30-G$25 -> 14 | H30: =$A30-H$25 -> 13 | I30: =$A30-I$25 -> 12 | J30: =$A30-J$25 -> 11 | ... Q30: =$A30-Q$25 -> 4
A31: 14 | C31: =$A31-C$25 -> 17 | D31: =$A31-D$25 -> 16 | E31: =$A31-E$25 -> 15 | F31: =$A31-F$25 -> 14 | G31: =$A31-G$25 -> 13 | H31: =$A31-H$25 -> 12 | I31: =$A31-I$25 -> 11 | J31: =$A31-J$25 -> 10 | ... Q31: =$A31-Q$25 -> 3
A32: 13 | C32: =$A32-C$25 -> 16 | D32: =$A32-D$25 -> 15 | E32: =$A32-E$25 -> 14 | F32: =$A32-F$25 -> 13 | G32: =$A32-G$25 -> 12 | H32: =$A32-H$25 -> 11 | I32: =$A32-I$25 -> 10 | J32: =$A32-J$25 -> 9 | ... Q32: =$A32-Q$25 -> 2
A33: 12 | C33: =$A33-C$25 -> 15 | D33: =$A33-D$25 -> 14 | E33: =$A33-E$25 -> 13 | F33: =$A33-F$25 -> 12 | G33: =$A33-G$25 -> 11 | H33: =$A33-H$25 -> 10 | I33: =$A33-I$25 -> 9 | J33: =$A33-J$25 -> 8 | ... Q33: =$A33-Q$25 -> 1
A34: 11 | C34: =$A34-C$25 -> 14 | D34: =$A34-D$25 -> 13 | E34: =$A34-E$25 -> 12 | F34: =$A34-F$25 -> 11 | G34: =$A34-G$25 -> 10 | H34: =$A34-H$25 -> 9 | I34: =$A34-I$25 -> 8 | J34: =$A34-J$25 -> 7 | ... Q34: =$A34-Q$25 -> 0
Q35: THAC0 - Tiro = CA Colpita
A37: Slot | B37: Esempio | K37: Armatura | M37: CA | N37: Slot | O37: U/E | P37: N | Q37: H
A38: 0 | B38: Anelli, amuleti, pergamene, chiavi, gemme | K38: Nessuna | M38: 9 | N38: 0 | O38: 40' | P38: 20' | Q38: 30'
A39: 1/3 | B39: Pozioni, acqua santa (fiale) | K39: Imbottita | M39: 8 | N39: 1 | O39: 40' | P39: 20' | Q39: 30'
A40: 1/2 | B40: Olio (fiasche) | K40: Cuoio | M40: 7 | N40: 2 | P40: 20' | Q40: 30'
A41: 1 | B41: Armi piccole, torce (6), corda, faretra, bacchette, sacco (+3 slot) | K41: Cuoio Borchiato | M41: 6 | N41: 2 | O41: 40' | P41: 20' | Q41: 30'
A42: 2 | B42: Armi medie, arm. leggere, scudo, arco c., balestra l., stivali, mantello | K42: Cotta di maglie | M42: 5 | N42: 2 | O42: 30' | P42: 20' | Q42: 20'
A43: 3 | B43: Armi grandi, armatura pesante, scudo grande, arco lungo, balestra p. | K43: Arm. a bande | M43: 4 | N43: 3 | O43: 20' | P43: 20' | Q43: -
K44: Arm. a Piastre | M44: 3 | N44: 3 | O44: 20' | P44: 20' | Q44: -
A45: Slot frazionari: ⅓ = 1-3 oggetti per slot | ½ = 1-2 oggetti per slot | K45: Pias. Completa | M45: 2 | N45: 3 | O45: 20' | P45: 20' | Q45: -
A46: Monete: 100 mo = 1 slot | K46: Scudo | M46: -1 | N46: 2
A47: Sacco grande: +3 slot extra (oggetti non fragili) | K47: Scudo Torre | M47: -2 | N47: 3 | O47: -10' Mov
A48: Borsa Conservante: +5 slot extra | Q48: by maru

Sheet Mage
A1: Giocatore | B1: Juven Lionsbane | G1: Fragile Arcano Potente | K1: Esperienza | N1: 30.000
A2: Razza | B2: Umano | E2: Classe | G2: Mago | I2: 5° | K2: Allineamento | N2: Neutrale
A4: CA | B4: 8 | E4: Slot | F4: 18 | G4: +5 | H4: ½ Mov. | L4: Iniziativa | M4: 0 | O4: PF | P4: 21
A5: Abilità | J5: Mod. | M5: Tiri salvezza
A6: 8 | B6: FOR | C6: Apre porte bloccate con 1 su 1d6 | J6: -1 | M6: Veleno, Raggio della Morte | P6: 13
A7: 10 | B7: DES | C7: Nessun modificatore | J7: 0 | M7: Bacchetta | P7: 14
A8: 13 | B8: COS | C8: Bonus punti ferita aggiunti al totale | J8: 1 | M8: Pietrificazione Paralisi | P8: 13
A9: 16 | B9: INT | C9: Legge e scrive più lingue | J9: 2 | M9: Soffio Drago | P9: 16
A10: 9 | B10: SAG | C10: Nessun modificatore | J10: 0 | M10: Incantesimi Bastone Magico | P10: 15
A11: 8 | B11: CAR | C11: Reazioni PNG -1, massimo 3 seguaci, morale seguaci 6 | J11: -1 | M11: TS: 1D20 ≥ valore TS = Successo TA: 1D20 ≤ valore attributo = Successo
A13: Lingue Parlate | D13: Movimento | H13: Piedi | I13: Metri | J13: Quad. | K13: Sprint | L13: Malus | N13: Slot/Equipaggiamento
A14: Common, Nanco, Gnomesco, Koboldo,Goblin | D14: Combattimento | G14: 1R | H14: 40 | I14: =J14*1.5 -> 12 | J14: =H14/5 -> 8 | K14: 16 dm | L14: - | N14: 2/Bastone + 1
D15: Esplorazione | G15: 1T | H15: =H14*3 -> 120 | I15: =J15*1.5 -> 36 | J15: =H15/5 -> 24 | K15: - | L15: - | N15: 1/Pugnali (2)
D16: Correre | G16: 1R | H16: =H14*3 -> 120 | I16: =J16*1.5 -> 36 | J16: =H16/5 -> 24 | K16: =J16+(J16/2) -> 36 | L16: -2 Tiri 10R (max 3 R) | N16: 0/Vestiti, Cintura, Stivali
A17: THAC0 - Tiro = CA Colpita | D17: Arrampicarsi | G17: 1R | H17: =H14/2 -> 20 | I17: =J17*1.5 -> 6 | J17: =H17/5 -> 4 | K17: =J17+(J17/2) -> 6 | N17: 1/Libro Incantesimi
A18: 1R = 10 Sec. | 1T = 10 Min. | D18: Nuotare | G18: 1R | H18: =H14/2 -> 20 | I18: =J18*1.5 -> 6 | J18: =H18/5 -> 4 | K18: =J18+(J18/2) -> 6
D19: Giornaliero | G19: 1G | H19: 24mi | I19: 38km | K19: - | L19: -
A21: Carica +2TxC +2CA min.4□ | Ritirata difensiva ½Mv nega attacco nemico | Difesa totale -2CA ½Mv
A22: Spinta 1d20+mod.FOR vs +1□ | Disarmo -4TxC | Parare(F) -4CA ½Mv | Colpo potente(F) -5TxC +5PF | O22: Slot | P22: 4
A23: Afferrrare TxC vs CA, Liberarsi da presa 1d20+mod.FOR vs, Azione Pronta inter. turno nemico
A24: Scambiare Posizione ½Mv | Attraversare alleati +1□ | Passare oggetto: chi passa usa azione | O24: Banca | P24: Trasportati
A25: Combattimento in fila: 2* fila armi lunghe | Preparare per carica Dannox2 | N25: pp
A26: Prone: +2 TxC nemici, ½Mv per alzarsi | Raccolgiere arma: Mov.+Racc. o Racc.+Att. | N26: mo | P26: 500
A27: Copertura: Parziale -2TxC +2CA, Quasi Tot. -4TxC +4CA | Area: Parz. +2 TS, Quasi Tot. +4 TS | N27: ma
A28: Tiro oltre 1* PG/Mostri: -2TxC Lancio/-4TxC Tiro, 1/1-2 Colpito Alleato | N28: mr
A29: TxC Distanza: corta +1, normale 0, lunga -1 | O29: Slot | P29: 5
A32: Incantesimi Scelti | C32: 1°/2 | E32: 2°/2 | G32: 3°/1 | N32: Abilità
A33: 1 Livello | B33: Dardo Incantato 2d6+2 150, Scudo CA2 | N33: 1/6 trovare porte segrete
A34: 2 Livello | B34: Immagine Speculare 1d4 6T, Levitare 11T | N34: 1/6 Ascoltare rumori
A35: 3 Livello | B35: Palla di Fuoco 5d6 G48□ R4□ | N35: 1/6 ascoltare attr. Porte
L40: THAC0
A41: Arma | B41: Range | C41: AC 9 | D41: 8 | E41: =D41-1 -> 7 | F41: =E41-1 -> 6 | G41: =F41-1 -> 5 | H41: =G41-1 -> 4 | I41: =H41-1 -> 3 | J41: =I41-1 -> 2 | K41: =J41-1 -> 1 | L41: =K41-1 -> 0 | M41: Danno | O41: Note
A42: Bastone | B42: melee | C42: 10 | D42: =C42+1 -> 11 | E42: =D42+1 -> 12 | F42: =E42+1 -> 13 | G42: =F42+1 -> 14 | H42: =G42+1 -> 15 | I42: =H42+1 -> 16 | J42: =I42+1 -> 17 | K42: =J42+1 -> 18 | L42: =K42+1 -> 19 | M42: 1d4
A43: Pugnale | B43: melee | C43: 11 | D43: =C43+1 -> 12 | E43: =D43+1 -> 13 | F43: =E43+1 -> 14 | G43: =F43+1 -> 15 | H43: =G43+1 -> 16 | I43: =H43+1 -> 17 | J43: =I43+1 -> 18 | K43: =J43+1 -> 19 | L43: =K43+1 -> 20 | M43: 1d4-1
A44: Pugnale | B44: 10/20/30' | C44: 10 | D44: =C44+1 -> 11 | E44: =D44+1 -> 12 | F44: =E44+1 -> 13 | G44: =F44+1 -> 14 | H44: =G44+1 -> 15 | I44: =H44+1 -> 16 | J44: =I44+1 -> 17 | K44: =J44+1 -> 18 | L44: =K44+1 -> 19 | M44: 1d4

Sheet Retro M
A1: Slot Totali | C1: =Mage!F4 -> 18 | E1: Sovraccarico | G1: =Mage!G4 -> +5 | I1: Slot Bonus | M1: Slot Occupati | O1: =Mage!P22+Mage!P29 -> 9
A2: Oggetto | H2: Qt. | I2: Slot | J2: STATS
A3: 1 | J3: PF
A4: =A3+1 -> 2
A5: =A4+1 -> 3
A6: =A5+1 -> 4 | J6: THACO0
A7: =A6+1 -> 5 | J7: +TS | K7: V | L7: B | M7: P | N7: S | O7: I
A8: =A7+1 -> 6 | J8: CA
A9: =A8+1 -> 7 | J9: 1 liv.
A10: =A9+1 -> 8 | J10: 2 liv.
A11: =A10+1 -> 9 | J11: 3 liv.
A12: =A11+1 -> 10 | J12: 4 liv.
A13: =A12+1 -> 11 | J13: 5 liv.
A14: =A13+1 -> 12 | J14: Cariche
A15: =A14+1 -> 13 | J15: A. Santa
A16: =A15+1 -> 14 | J16: Olio
A17: =A16+1 -> 15 | J17: Torcie
A18: =A17+1 -> 16 | J18: Dardi
A19: =A18+1 -> 17 | J19: Quadrelli
... A22: =A21+1 -> 20 | J22: Pietre
Q23: =10
A24: THAC0 | C24: CA | D24: CA | E24: CA | F24: CA | G24: CA | H24: CA | I24: CA | J24: CA | K24: CA | L24: CA | M24: CA | N24: CA | O24: CA | P24: CA | Q24: CA
C25: -3 | D25: =C25+1 -> -2 | E25: =D25+1 -> -1 | F25: =E25+1 -> 0 | G25: =F25+1 -> 1 | H25: =G25+1 -> 2 | I25: =H25+1 -> 3 | J25: =I25+1 -> 4 | K25: =J25+1 -> 5 | ... Q25: =P25+1 -> 11
A26: 19 | C26: =$A26-C$25 -> 22 | D26: =$A26-D$25 -> 21 | E26: =$A26-E$25 -> 20 | F26: =$A26-F$25 -> 19 | G26: =$A26-G$25 -> 18 | H26: =$A26-H$25 -> 17 | I26: =$A26-I$25 -> 16 | J26: =$A26-J$25 -> 15 | ... Q26: =$A26-Q$25 -> 8
A27: 18 | C27: =$A27-C$25 -> 21 | D27: =$A27-D$25 -> 20 | E27: =$A27-E$25 -> 19 | F27: =$A27-F$25 -> 18 | G27: =$A27-G$25 -> 17 | H27: =$A27-H$25 -> 16 | I27: =$A27-I$25 -> 15 | J27: =$A27-J$25 -> 14 | ... Q27: =$A27-Q$25 -> 7
A28: 17 | C28: =$A28-C$25 -> 20 | D28: =$A28-D$25 -> 19 | E28: =$A28-E$25 -> 18 | F28: =$A28-F$25 -> 17 | G28: =$A28-G$25 -> 16 | H28: =$A28-H$25 -> 15 | I28: =$A28-I$25 -> 14 | J28: =$A28-J$25 -> 13 | ... Q28: =$A28-Q$25 -> 6
A29: 16 | C29: =$A29-C$25 -> 19 | D29: =$A29-D$25 -> 18 | E29: =$A29-E$25 -> 17 | F29: =$A29-F$25 -> 16 | G29: =$A29-G$25 -> 15 | H29: =$A29-H$25 -> 14 | I29: =$A29-I$25 -> 13 | J29: =$A29-J$25 -> 12 | ... Q29: =$A29-Q$25 -> 5
A30: 15 | C30: =$A30-C$25 -> 18 | D30: =$A30-D$25 -> 17 | E30: =$A30-E$25 -> 16 | F30: =$A30-F$25 -> 15 | G30: =$A30-G$25 -> 14 | H30: =$A30-H$25 -> 13 | I30: =$A30-I$25 -> 12 | J30: =$A30-J$25 -> 11 | ... Q30: =$A30-Q$25 -> 4
A31: 14 | C31: =$A31-C$25 -> 17 | D31: =$A31-D$25 -> 16 | E31: =$A31-E$25 -> 15 | F31: =$A31-F$25 -> 14 | G31: =$A31-G$25 -> 13 | H31: =$A31-H$25 -> 12 | I31: =$A31-I$25 -> 11 | J31: =$A31-J$25 -> 10 | ... Q31: =$A31-Q$25 -> 3
A32: 13 | C32: =$A32-C$25 -> 16 | D32: =$A32-D$25 -> 15 | E32: =$A32-E$25 -> 14 | F32: =$A32-F$25 -> 13 | G32: =$A32-G$25 -> 12 | H32: =$A32-H$25 -> 11 | I32: =$A32-I$25 -> 10 | J32: =$A32-J$25 -> 9 | ... Q32: =$A32-Q$25 -> 2
A33: 12 | C33: =$A33-C$25 -> 15 | D33: =$A33-D$25 -> 14 | E33: =$A33-E$25 -> 13 | F33: =$A33-F$25 -> 12 | G33: =$A33-G$25 -> 11 | H33: =$A33-H$25 -> 10 | I33: =$A33-I$25 -> 9 | J33: =$A33-J$25 -> 8 | ... Q33: =$A33-Q$25 -> 1
A34: 11 | C34: =$A34-C$25 -> 14 | D34: =$A34-D$25 -> 13 | E34: =$A34-E$25 -> 12 | F34: =$A34-F$25 -> 11 | G34: =$A34-G$25 -> 10 | H34: =$A34-H$25 -> 9 | I34: =$A34-I$25 -> 8 | J34: =$A34-J$25 -> 7 | ... Q34: =$A34-Q$25 -> 0
Q35: THAC0 - Tiro = CA Colpita
A37: Slot | B37: Esempio | K37: Armatura | M37: CA | N37: Slot | O37: U/E | P37: N | Q37: H
A38: 0 | B38: Anelli, amuleti, pergamene, chiavi, gemme | K38: Nessuna | M38: 9 | N38: 0 | O38: 40' | P38: 20' | Q38: 30'
A39: 1/3 | B39: Pozioni, acqua santa (fiale) | K39: Imbottita | M39: 8 | N39: 1 | O39: 40' | P39: 20' | Q39: 30'
A40: 1/2 | B40: Olio (fiasche) | K40: Cuoio | M40: 7 | N40: 2 | P40: 20' | Q40: 30'
A41: 1 | B41: Armi piccole, torce (6), corda, faretra, bacchette, sacco (+3 slot) | K41: Cuoio Borchiato | M41: 6 | N41: 2 | O41: 40' | P41: 20' | Q41: 30'
A42: 2 | B42: Armi medie, arm. leggere, scudo, arco c., balestra l., stivali, mantello | K42: Cotta di maglie | M42: 5 | N42: 2 | O42: 30' | P42: 20' | Q42: 20'
A43: 3 | B43: Armi grandi, armatura pesante, scudo grande, arco lungo, balestra p. | K43: Arm. a bande | M43: 4 | N43: 3 | O43: 20' | P43: 20' | Q43: -
K44: Arm. a Piastre | M44: 3 | N44: 3 | O44: 20' | P44: 20' | Q44: -
A45: Slot frazionari: ⅓ = 1-3 oggetti per slot | ½ = 1-2 oggetti per slot | K45: Pias. Completa | M45: 2 | N45: 3 | O45: 20' | P45: 20' | Q45: -
A46: Monete: 100 mo = 1 slot | K46: Scudo | M46: -1 | N46: 2
A47: Sacco grande: +3 slot extra (oggetti non fragili) | K47: Scudo Torre | M47: -2 | N47: 3 | O47: -10' Mov
A48: Borsa Conservante: +5 slot extra | Q48: by maru

Sheet Fighter
A1: Giocatore | B1: Ellis Drolle | G1: Guerriero Corazzato Arciere | K1: Esperienza | N1: 30.000
A2: Razza | B2: Umano | E2: Classe | G2: Guerriero | I2: 5° | K2: Allineamento | N2: Neutrale
A4: CA | B4: 2 | E4: Slot | F4: 24 | G4: +8 | H4: ½ Mov. | L4: Iniziativa | M4: 1 | O4: PF | P4: 35
A5: Abilità | J5: Mod. | M5: Tiri salvezza
A6: 17 | B6: FOR | C6: Apre porte bloccate con 1-4 su 1d6 | J6: 2 | M6: Veleno, Raggio della Morte | P6: 10
A7: 14 | B7: DES | C7: Bonus a attacchi a distanza, CA, iniziativa | J7: 1 | M7: Bacchetta | P7: 11
A8: 11 | B8: COS | C8: Nessun modificatore | J8: 0 | M8: Pietrificazione Paralisi | P8: 12
A9: 7 | B9: INT | C9: Sa scrivere parole semplici | J9: -1 | M9: Soffio Drago | P9: 13
A10: 4 | B10: SAG | C10: Penalità ai TS contro magia | J10: -2 | M10: Incantesimi Bastone Magico | P10: 16
A11: 10 | B11: CAR | C11: Reazioni PNG +0, massimo 4 seguaci, morale seguaci 7 | J11: 0 | M11: TS: 1D20 ≥ valore TS = Successo TA: 1D20 ≤ valore attributo = Successo
A13: Lingue Parlate | D13: Movimento | H13: Piedi | I13: Metri | J13: Quad. | K13: Sprint | L13: Malus | N13: Slot/Equipaggiamento
A14: Common, Nanco, Gnomesco, Koboldo,Goblin | D14: Combattimento | G14: 1R | H14: 20 | I14: =J14*1.5 -> 6 | J14: =H14/5 -> 4 | K14: 8 dm | L14: - | N14: 3/Armatura a piastre
D15: Esplorazione | G15: 1T | H15: 60 | I15: =J15*1.5 -> 18 | J15: =H15/5 -> 12 | K15: - | L15: - | N15: 1/Pugnali
D16: Correre | G16: 1R | H16: 60 | I16: =J16*1.5 -> 18 | J16: =H16/5 -> 12 | K16: =J16+(J16/2) -> 18 | L16: -2 Tiri 10R (max 3 R) | N16: 3/Arco Lungo
A17: THAC0 - Tiro = CA Colpita | D17: Arrampicarsi | G17: 1R | H17: 10 | I17: =J17*1.5 -> 3 | J17: =H17/5 -> 2 | K17: =J17+(J17/2) -> 3 | N17: 0/Vestiti, Cintura, Stivali
A18: 1R = 10 Sec. | 1T = 10 Min. | D18: Nuotare | G18: 1R | H18: 10 | I18: =J18*1.5 -> 3 | J18: =H18/5 -> 2 | K18: =J18+(J18/2) -> 3 | N18: 3/Spada a due mani + 1
D19: Giornaliero | G19: 1G | H19: 12 mi | I19: 19km | K19: - | L19: - | N19: 1/Faretra
A21: Carica +2TxC +2CA min.4□ | Ritirata difensiva ½Mv nega attacco nemico | Difesa totale -2CA ½Mv
A22: Spinta 1d20+mod.FOR vs +1□ | Disarmo -4TxC | Parare(F) -4CA ½Mv | Colpo potente(F) -5TxC +5PF | O22: Slot | P22: 11
A23: Afferrrare TxC vs CA, Liberarsi da presa 1d20+mod.FOR vs, Azione Pronta inter. turno nemico
A24: Scambiare Posizione ½Mv | Attraversare alleati +1□ | Passare oggetto: chi passa usa azione | O24: Banca | P24: Trasportati
A25: Combattimento in fila: 2* fila armi lunghe | Preparare per carica Dannox2 | N25: pp
A26: Prone: +2 TxC nemici, ½Mv per alzarsi | Raccolgiere arma: Mov.+Racc. o Racc.+Att. | N26: mo | P26: 500
A27: Copertura: Parziale -2TxC +2CA, Quasi Tot. -4TxC +4CA | Area: Parz. +2 TS, Quasi Tot. +4 TS | N27: ma
A28: Tiro oltre 1* PG/Mostri: -2TxC Lancio/-4TxC Tiro, 1/1-2 Colpito Alleato | N28: mr
A29: TxC Distanza: corta +1, normale 0, lunga -1 | O29: Slot | P29: 5
A31: Combinazioni | C31: CA
A32: Ascia/pugnale + Scudo | C32: 1 | N32: Abilità
A33: Spada due mani | C33: 2 | N33: 1/6 trovare porte segrete
A34: Arco lungo | C34: 2 | N34: 1/6 Ascoltare rumori
A35: Pugnale | C35: 2 | N35: 1/6 ascoltare attr. Porte
L40: THAC0
A41: Arma | B41: Range | C41: AC 9 | D41: 8 | E41: =D41-1 -> 7 | F41: =E41-1 -> 6 | G41: =F41-1 -> 5 | H41: =G41-1 -> 4 | I41: =H41-1 -> 3 | J41: =I41-1 -> 2 | K41: =J41-1 -> 1 | L41: =K41-1 -> 0 | M41: Danno | O41: Note
A42: S. due Mani | B42: melee lenta | C42: 5 | D42: =C42+1 -> 6 | E42: =D42+1 -> 7 | F42: =E42+1 -> 8 | G42: =F42+1 -> 9 | H42: =G42+1 -> 10 | I42: =H42+1 -> 11 | J42: =I42+1 -> 12 | K42: =J42+1 -> 13 | L42: =K42+1 -> 14 | M42: 1d10+3 | O42: Attacca per Ultimo
A43: Pugnale | B43: melee | C43: 6 | D43: =C43+1 -> 7 | E43: =D43+1 -> 8 | F43: =E43+1 -> 9 | G43: =F43+1 -> 10 | H43: =G43+1 -> 11 | I43: =H43+1 -> 12 | J43: =I43+1 -> 13 | K43: =J43+1 -> 14 | L43: =K43+1 -> 15 | M43: 1d4+2 | O43: lanciabile 10/20/30'
A44: Arco Lungo | B44: 70/140/210' | C44: 7 | D44: =C44+1 -> 8 | E44: =D44+1 -> 9 | F44: =E44+1 -> 10 | G44: =F44+1 -> 11 | H44: =G44+1 -> 12 | I44: =H44+1 -> 13 | J44: =I44+1 -> 14 | K44: =J44+1 -> 15 | L44: =K44+1 -> 16 | M44: 1d6 | O44: 12 freccie

Sheet Retro F
A1: Slot Totali | C1: =Fighter!F4 -> 24 | E1: Sovraccarico | G1: =Fighter!G4 -> +8 | I1: Slot Bonus | M1: Slot Occupati | O1: =Fighter!P22+Fighter!P29 -> 16
A2: Oggetto | H2: Qt. | I2: Slot | J2: STATS
A3: 1 | J3: PF
A4: =A3+1 -> 2
A5: =A4+1 -> 3
A6: =A5+1 -> 4 | J6: THACO0
A7: =A6+1 -> 5 | J7: +TS | K7: V | L7: B | M7: P | N7: S | O7: I
A8: =A7+1 -> 6 | J8: CA
A9: =A8+1 -> 7 | J9: 1 liv.
A10: =A9+1 -> 8 | J10: 2 liv.
A11: =A10+1 -> 9 | J11: 3 liv.
A12: =A11+1 -> 10 | J12: 4 liv.
A13: =A12+1 -> 11 | J13: 5 liv.
A14: =A13+1 -> 12 | J14: Cariche
A15: =A14+1 -> 13 | J15: A. Santa
A16: =A15+1 -> 14 | J16: Olio
A17: =A16+1 -> 15 | J17: Torcie
A18: =A17+1 -> 16 | J18: Dardi
A19: =A18+1 -> 17 | J19: Quadrelli
... A22: =A21+1 -> 20 | J22: Pietre
Q23: =10
A24: THAC0 | C24: CA | D24: CA | E24: CA | F24: CA | G24: CA | H24: CA | I24: CA | J24: CA | K24: CA | L24: CA | M24: CA | N24: CA | O24: CA | P24: CA | Q24: CA
C25: -3 | D25: =C25+1 -> -2 | E25: =D25+1 -> -1 | F25: =E25+1 -> 0 | G25: =F25+1 -> 1 | H25: =G25+1 -> 2 | I25: =H25+1 -> 3 | J25: =I25+1 -> 4 | K25: =J25+1 -> 5 | ... Q25: =P25+1 -> 11
A26: 19 | C26: =$A26-C$25 -> 22 | D26: =$A26-D$25 -> 21 | E26: =$A26-E$25 -> 20 | F26: =$A26-F$25 -> 19 | G26: =$A26-G$25 -> 18 | H26: =$A26-H$25 -> 17 | I26: =$A26-I$25 -> 16 | J26: =$A26-J$25 -> 15 | ... Q26: =$A26-Q$25 -> 8
A27: 18 | C27: =$A27-C$25 -> 21 | D27: =$A27-D$25 -> 20 | E27: =$A27-E$25 -> 19 | F27: =$A27-F$25 -> 18 | G27: =$A27-G$25 -> 17 | H27: =$A27-H$25 -> 16 | I27: =$A27-I$25 -> 15 | J27: =$A27-J$25 -> 14 | ... Q27: =$A27-Q$25 -> 7
A28: 17 | C28: =$A28-C$25 -> 20 | D28: =$A28-D$25 -> 19 | E28: =$A28-E$25 -> 18 | F28: =$A28-F$25 -> 17 | G28: =$A28-G$25 -> 16 | H28: =$A28-H$25 -> 15 | I28: =$A28-I$25 -> 14 | J28: =$A28-J$25 -> 13 | ... Q28: =$A28-Q$25 -> 6
A29: 16 | C29: =$A29-C$25 -> 19 | D29: =$A29-D$25 -> 18 | E29: =$A29-E$25 -> 17 | F29: =$A29-F$25 -> 16 | G29: =$A29-G$25 -> 15 | H29: =$A29-H$25 -> 14 | I29: =$A29-I$25 -> 13 | J29: =$A29-J$25 -> 12 | ... Q29: =$A29-Q$25 -> 5
A30: 15 | C30: =$A30-C$25 -> 18 | D30: =$A30-D$25 -> 17 | E30: =$A30-E$25 -> 16 | F30: =$A30-F$25 -> 15 | G30: =$A30-G$25 -> 14 | H30: =$A30-H$25 -> 13 | I30: =$A30-I$25 -> 12 | J30: =$A30-J$25 -> 11 | ... Q30: =$A30-Q$25 -> 4
A31: 14 | C31: =$A31-C$25 -> 17 | D31: =$A31-D$25 -> 16 | E31: =$A31-E$25 -> 15 | F31: =$A31-F$25 -> 14 | G31: =$A31-G$25 -> 13 | H31: =$A31-H$25 -> 12 | I31: =$A31-I$25 -> 11 | J31: =$A31-J$25 -> 10 | ... Q31: =$A31-Q$25 -> 3
A32: 13 | C32: =$A32-C$25 -> 16 | D32: =$A32-D$25 -> 15 | E32: =$A32-E$25 -> 14 | F32: =$A32-F$25 -> 13 | G32: =$A32-G$25 -> 12 | H32: =$A32-H$25 -> 11 | I32: =$A32-I$25 -> 10 | J32: =$A32-J$25 -> 9 | ... Q32: =$A32-Q$25 -> 2
A33: 12 | C33: =$A33-C$25 -> 15 | D33: =$A33-D$25 -> 14 | E33: =$A33-E$25 -> 13 | F33: =$A33-F$25 -> 12 | G33: =$A33-G$25 -> 11 | H33: =$A33-H$25 -> 10 | I33: =$A33-I$25 -> 9 | J33: =$A33-J$25 -> 8 | ... Q33: =$A33-Q$25 -> 1
A34: 11 | C34: =$A34-C$25 -> 14 | D34: =$A34-D$25 -> 13 | E34: =$A34-E$25 -> 12 | F34: =$A34-F$25 -> 11 | G34: =$A34-G$25 -> 10 | H34: =$A34-H$25 -> 9 | I34: =$A34-I$25 -> 8 | J34: =$A34-J$25 -> 7 | ... Q34: =$A34-Q$25 -> 0
Q35: THAC0 - Tiro = CA Colpita
A37: Slot | B37: Esempio | K37: Armatura | M37: CA | N37: Slot | O37: U/E | P37: N | Q37: H
A38: 0 | B38: Anelli, amuleti, pergamene, chiavi, gemme | K38: Nessuna | M38: 9 | N38: 0 | O38: 40' | P38: 20' | Q38: 30'
A39: 1/3 | B39: Pozioni, acqua santa (fiale) | K39: Imbottita | M39: 8 | N39: 1 | O39: 40' | P39: 20' | Q39: 30'
A40: 1/2 | B40: Olio (fiasche) | K40: Cuoio | M40: 7 | N40: 2 | P40: 20' | Q40: 30'
A41: 1 | B41: Armi piccole, torce (6), corda, faretra, bacchette, sacco (+3 slot) | K41: Cuoio Borchiato | M41: 6 | N41: 2 | O41: 40' | P41: 20' | Q41: 30'
A42: 2 | B42: Armi medie, arm. leggere, scudo, arco c., balestra l., stivali, mantello | K42: Cotta di maglie | M42: 5 | N42: 2 | O42: 30' | P42: 20' | Q42: 20'
A43: 3 | B43: Armi grandi, armatura pesante, scudo grande, arco lungo, balestra p. | K43: Arm. a bande | M43: 4 | N43: 3 | O43: 20' | P43: 20' | Q43: -
K44: Arm. a Piastre | M44: 3 | N44: 3 | O44: 20' | P44: 20' | Q44: -
A45: Slot frazionari: ⅓ = 1-3 oggetti per slot | ½ = 1-2 oggetti per slot | K45: Pias. Completa | M45: 2 | N45: 3 | O45: 20' | P45: 20' | Q45: -
A46: Monete: 100 mo = 1 slot | K46: Scudo | M46: -1 | N46: 2
A47: Sacco grande: +3 slot extra (oggetti non fragili) | K47: Scudo Torre | M47: -2 | N47: 3 | O47: -10' Mov
A48: Borsa Conservante: +5 slot extra | Q48: by maru

Sheet Cleric
A1: Giocatore | B1: Sutan Ambermoor | G1: Corazzato Lento Curatore | K1: Esperienza | N1: 30.000
A2: Razza | B2: Umano | E2: Classe | G2: Chierico | I2: 6° | K2: Allineamento | N2: Neutrale
A4: CA | B4: 2 | E4: Slot | F4: 20 | G4: +6 | H4: ½ Mov. | L4: Iniziativa | M4: -1 | O4: PF | P4: 31
A5: Abilità | J5: Mod. | M5: Tiri salvezza
A6: 12 | B6: FOR | C6: Apre porte bloccate con 1-2 su 1d6 | J6: 0 | M6: Veleno, Raggio della Morte | P6: 9
A7: 6 | B7: DES | C7: Penalità a attacchi a distanza -1, CA +1, iniziativa -1 | J7: -1 | M7: Bacchetta | P7: 10
A8: 12 | B8: COS | C8: Nessun modificatore | J8: 0 | M8: Pietrificazione Paralisi | P8: 12
A9: 7 | B9: INT | C9: Sa scrivere parole semplici | J9: -1 | M9: Soffio Drago | P9: 14
A10: 13 | B10: SAG | C10: +1 ai TS contro magia | J10: 1 | M10: Incantesimi Bastone Magico | P10: 11
A11: 9 | B11: CAR | C11: Reazioni PNG +0, massimo 4 seguaci, morale seguaci 7 | J11: 0 | M11: TS: 1D20 ≥ valore TS = Successo TA: 1D20 ≤ valore attributo = Successo
A13: Lingue Parlate | D13: Movimento | H13: Piedi | I13: Metri | J13: Quad. | K13: Sprint | L13: Malus | N13: Slot/Equipaggiamento
A14: Common, Nanco, Gnomesco, Koboldo,Goblin | D14: Combattimento | G14: 1R | H14: 20 | I14: =J14*1.5 -> 6 | J14: =H14/5 -> 4 | K14: 8 dm | L14: - | N14: 3/Armatura a piastre
D15: Esplorazione | G15: 1T | H15: 60 | I15: =J15*1.5 -> 18 | J15: =H15/5 -> 12 | K15: - | L15: - | N15: 1/Mazza
D16: Correre | G16: 1R | H16: 60 | I16: =J16*1.5 -> 18 | J16: =H16/5 -> 12 | K16: =J16+(J16/2) -> 18 | L16: -2 Tiri 10R (max 3 R) | N16: 1/Fionda
A17: THAC0 - Tiro = CA Colpita | D17: Arrampicarsi | G17: 1R | H17: 10 | I17: =J17*1.5 -> 3 | J17: =H17/5 -> 2 | K17: =J17+(J17/2) -> 3 | N17: 0/Vestiti, Cintura, Stivali
A18: 1R = 10 Sec. | 1T = 10 Min. | D18: Nuotare | G18: 1R | H18: 10 | I18: =J18*1.5 -> 3 | J18: =H18/5 -> 2 | K18: =J18+(J18/2) -> 3 | N18: 0/Simbolo sacro
D19: Giornaliero | G19: 1G | H19: 12mi | I19: 19km | K19: - | L19: - | N19: 1/Fiale Acqua santa (2)
N20: 2/Scudo +1
A21: Carica +2TxC +2CA min.4□ | Ritirata difensiva ½Mv nega attacco nemico | Difesa totale -2CA ½Mv
A22: Spinta 1d20+mod.FOR vs +1□ | Disarmo -4TxC | Parare(F) -4CA ½Mv | Colpo potente(F) -5TxC +5PF | O22: Slot | P22: 8
A23: Afferrrare TxC vs CA, Liberarsi da presa 1d20+mod.FOR vs, Azione Pronta inter. turno nemico
A24: Scambiare Posizione ½Mv | Attraversare alleati +1□ | Passare oggetto: chi passa usa azione | O24: Banca | P24: Trasportati
A25: Combattimento in fila: 2* fila armi lunghe | Preparare per carica Dannox2 | N25: pp
A26: Prone: +2 TxC nemici, ½Mv per alzarsi | Raccolgiere arma: Mov.+Racc. o Racc.+Att. | N26: mo | P26: 500
A27: Copertura: Parziale -2TxC +2CA, Quasi Tot. -4TxC +4CA | Area: Parz. +2 TS, Quasi Tot. +4 TS | N27: ma
A28: Tiro oltre 1* PG/Mostri: -2TxC Lancio/-4TxC Tiro, 1/1-2 Colpito Alleato | N28: mr
A29: TxC Distanza: corta +1, normale 0, lunga -1 | O29: Slot | P29: 5
A31: Incantesimi Scelti | C31: 1°/2 | E31: 2°/2 | G31: 3°/1 | I31: 4°/1 | N31: Abilità
A32: 1 Livello | B32: Cura Ferite Leggere 1d6+1, Protezione dal Male -1TxC 12T | N32: 1/6 trovare porte segrete
A33: 2 Livello | B33: Benedizione +1TxC 6R, Trovare Trap./Segr. 2T 30' | N33: 1/6 Ascoltare rumori
A34: 3 Livello | B34: Arma Potenziata +1d6 1T | N34: 1/6 ascoltare attr. Porte
A35: 4 Livello | B35: Cura Ferite Gravi 2d6+2 | N35: Scacciare 2d6
L40: THAC0
A41: Arma | B41: Range | C41: AC 9 | D41: 8 | E41: =D41-1 -> 7 | F41: =E41-1 -> 6 | G41: =F41-1 -> 5 | H41: =G41-1 -> 4 | I41: =H41-1 -> 3 | J41: =I41-1 -> 2 | K41: =J41-1 -> 1 | L41: =K41-1 -> 0 | M41: Danno | O41: Note
A42: Mazza | B42: melee | C42: 8 | D42: =C42+1 -> 9 | E42: =D42+1 -> 10 | F42: =E42+1 -> 11 | G42: =F42+1 -> 12 | H42: =G42+1 -> 13 | I42: =H42+1 -> 14 | J42: =I42+1 -> 15 | K42: =J42+1 -> 16 | L42: =K42+1 -> 17 | M42: 1d6
A43: Fionda | B43: 40/80/160' | C43: 8 | D43: =C43+1 -> 9 | E43: =D43+1 -> 10 | F43: =E43+1 -> 11 | G43: =F43+1 -> 12 | H43: =G43+1 -> 13 | I43: =H43+1 -> 14 | J43: =I43+1 -> 15 | K43: =J43+1 -> 16 | L43: =K43+1 -> 17 | M43: 1d4 | O43: 20 Pietre
A44: Acqua Santa | B44: 10/30/50' | C44: 9 | D44: =C44+1 -> 10 | E44: =D44+1 -> 11 | F44: =E44+1 -> 12 | G44: =F44+1 -> 13 | H44: =G44+1 -> 14 | I44: =H44+1 -> 15 | J44: =I44+1 -> 16 | K44: =J44+1 -> 17 | L44: =K44+1 -> 18 | M44: 1d8

Sheet Retro C
A1: Slot Totali | C1: =Cleric!F4 -> 20 | E1: Sovraccarico | G1: =Cleric!G4 -> +6 | I1: Slot Bonus | M1: Slot Occupati | O1: =Cleric!P22+Cleric!P29 -> 13
A2: Oggetto | H2: Qt. | I2: Slot | J2: STATS
A3: 1 | J3: PF
A4: =A3+1 -> 2
A5: =A4+1 -> 3
A6: =A5+1 -> 4 | J6: THACO0
A7: =A6+1 -> 5 | J7: +TS | K7: V | L7: B | M7: P | N7: S | O7: I
A8: =A7+1 -> 6 | J8: CA
A9: =A8+1 -> 7 | J9: 1 liv.
A10: =A9+1 -> 8 | J10: 2 liv.
A11: =A10+1 -> 9 | J11: 3 liv.
A12: =A11+1 -> 10 | J12: 4 liv.
A13: =A12+1 -> 11 | J13: 5 liv.
A14: =A13+1 -> 12 | J14: Cariche
A15: =A14+1 -> 13 | J15: A. Santa
A16: =A15+1 -> 14 | J16: Olio
A17: =A16+1 -> 15 | J17: Torcie
A18: =A17+1 -> 16 | J18: Dardi
A19: =A18+1 -> 17 | J19: Quadrelli
... A22: =A21+1 -> 20 | J22: Pietre
Q23: =10
A24: THAC0 | C24: CA | D24: CA | E24: CA | F24: CA | G24: CA | H24: CA | I24: CA | J24: CA | K24: CA | L24: CA | M24: CA | N24: CA | O24: CA | P24: CA | Q24: CA
C25: -3 | D25: =C25+1 -> -2 | E25: =D25+1 -> -1 | F25: =E25+1 -> 0 | G25: =F25+1 -> 1 | H25: =G25+1 -> 2 | I25: =H25+1 -> 3 | J25: =I25+1 -> 4 | K25: =J25+1 -> 5 | ... Q25: =P25+1 -> 11
A26: 19 | C26: =$A26-C$25 -> 22 | D26: =$A26-D$25 -> 21 | E26: =$A26-E$25 -> 20 | F26: =$A26-F$25 -> 19 | G26: =$A26-G$25 -> 18 | H26: =$A26-H$25 -> 17 | I26: =$A26-I$25 -> 16 | J26: =$A26-J$25 -> 15 | ... Q26: =$A26-Q$25 -> 8
A27: 18 | C27: =$A27-C$25 -> 21 | D27: =$A27-D$25 -> 20 | E27: =$A27-E$25 -> 19 | F27: =$A27-F$25 -> 18 | G27: =$A27-G$25 -> 17 | H27: =$A27-H$25 -> 16 | I27: =$A27-I$25 -> 15 | J27: =$A27-J$25 -> 14 | ... Q27: =$A27-Q$25 -> 7
A28: 17 | C28: =$A28-C$25 -> 20 | D28: =$A28-D$25 -> 19 | E28: =$A28-E$25 -> 18 | F28: =$A28-F$25 -> 17 | G28: =$A28-G$25 -> 16 | H28: =$A28-H$25 -> 15 | I28: =$A28-I$25 -> 14 | J28: =$A28-J$25 -> 13 | ... Q28: =$A28-Q$25 -> 6
A29: 16 | C29: =$A29-C$25 -> 19 | D29: =$A29-D$25 -> 18 | E29: =$A29-E$25 -> 17 | F29: =$A29-F$25 -> 16 | G29: =$A29-G$25 -> 15 | H29: =$A29-H$25 -> 14 | I29: =$A29-I$25 -> 13 | J29: =$A29-J$25 -> 12 | ... Q29: =$A29-Q$25 -> 5
A30: 15 | C30: =$A30-C$25 -> 18 | D30: =$A30-D$25 -> 17 | E30: =$A30-E$25 -> 16 | F30: =$A30-F$25 -> 15 | G30: =$A30-G$25 -> 14 | H30: =$A30-H$25 -> 13 | I30: =$A30-I$25 -> 12 | J30: =$A30-J$25 -> 11 | ... Q30: =$A30-Q$25 -> 4
A31: 14 | C31: =$A31-C$25 -> 17 | D31: =$A31-D$25 -> 16 | E31: =$A31-E$25 -> 15 | F31: =$A31-F$25 -> 14 | G31: =$A31-G$25 -> 13 | H31: =$A31-H$25 -> 12 | I31: =$A31-I$25 -> 11 | J31: =$A31-J$25 -> 10 | ... Q31: =$A31-Q$25 -> 3
A32: 13 | C32: =$A32-C$25 -> 16 | D32: =$A32-D$25 -> 15 | E32: =$A32-E$25 -> 14 | F32: =$A32-F$25 -> 13 | G32: =$A32-G$25 -> 12 | H32: =$A32-H$25 -> 11 | I32: =$A32-I$25 -> 10 | J32: =$A32-J$25 -> 9 | ... Q32: =$A32-Q$25 -> 2
A33: 12 | C33: =$A33-C$25 -> 15 | D33: =$A33-D$25 -> 14 | E33: =$A33-E$25 -> 13 | F33: =$A33-F$25 -> 12 | G33: =$A33-G$25 -> 11 | H33: =$A33-H$25 -> 10 | I33: =$A33-I$25 -> 9 | J33: =$A33-J$25 -> 8 | ... Q33: =$A33-Q$25 -> 1
A34: 11 | C34: =$A34-C$25 -> 14 | D34: =$A34-D$25 -> 13 | E34: =$A34-E$25 -> 12 | F34: =$A34-F$25 -> 11 | G34: =$A34-G$25 -> 10 | H34: =$A34-H$25 -> 9 | I34: =$A34-I$25 -> 8 | J34: =$A34-J$25 -> 7 | ... Q34: =$A34-Q$25 -> 0
Q35: THAC0 - Tiro = CA Colpita
A37: Slot | B37: Esempio | K37: Armatura | M37: CA | N37: Slot | O37: U/E | P37: N | Q37: H
A38: 0 | B38: Anelli, amuleti, pergamene, chiavi, gemme | K38: Nessuna | M38: 9 | N38: 0 | O38: 40' | P38: 20' | Q38: 30'
A39: 1/3 | B39: Pozioni, acqua santa (fiale) | K39: Imbottita | M39: 8 | N39: 1 | O39: 40' | P39: 20' | Q39: 30'
A40: 1/2 | B40: Olio (fiasche) | K40: Cuoio | M40: 7 | N40: 2 | P40: 20' | Q40: 30'
A41: 1 | B41: Armi piccole, torce (6), corda, faretra, bacchette, sacco (+3 slot) | K41: Cuoio Borchiato | M41: 6 | N41: 2 | O41: 40' | P41: 20' | Q41: 30'
A42: 2 | B42: Armi medie, arm. leggere, scudo, arco c., balestra l., stivali, mantello | K42: Cotta di maglie | M42: 5 | N42: 2 | O42: 30' | P42: 20' | Q42: 20'
A43: 3 | B43: Armi grandi, armatura pesante, scudo grande, arco lungo, balestra p. | K43: Arm. a bande | M43: 4 | N43: 3 | O43: 20' | P43: 20' | Q43: -
K44: Arm. a Piastre | M44: 3 | N44: 3 | O44: 20' | P44: 20' | Q44: -
A45: Slot frazionari: ⅓ = 1-3 oggetti per slot | ½ = 1-2 oggetti per slot | K45: Pias. Completa | M45: 2 | N45: 3 | O45: 20' | P45: 20' | Q45: -
A46: Monete: 100 mo = 1 slot | K46: Scudo | M46: -1 | N46: 2
A47: Sacco grande: +3 slot extra (oggetti non fragili) | K47: Scudo Torre | M47: -2 | N47: 3 | O47: -10' Mov
A48: Borsa Conservante: +5 slot extra | Q48: by maru

Sheet Retro Master
A1: Slot Totali | E1: Sovraccarico | I1: Slot Bonus | M1: Slot Occupati
A2: Oggetto | H2: Qt. | I2: Slot | J2: STATS
A3: 1 | J3: PF
A4: =A3+1 -> 2
A5: =A4+1 -> 3
A6: =A5+1 -> 4 | J6: THACO0
A7: =A6+1 -> 5 | J7: +TS | K7: V | L7: B | M7: P | N7: S | O7: I
A8: =A7+1 -> 6 | J8: CA
A9: =A8+1 -> 7 | J9: 1 liv.
A10: =A9+1 -> 8 | J10: 2 liv.
A11: =A10+1 -> 9 | J11: 3 liv.
A12: =A11+1 -> 10 | J12: 4 liv.
A13: =A12+1 -> 11 | J13: 5 liv.
A14: =A13+1 -> 12 | J14: Cariche
A15: =A14+1 -> 13 | J15: A. Santa
A16: =A15+1 -> 14 | J16: Olio
A17: =A16+1 -> 15 | J17: Torcie
A18: =A17+1 -> 16 | J18: Dardi
A19: =A18+1 -> 17 | J19: Quadrelli
... A22: =A21+1 -> 20 | J22: Pietre
Q23: =10
A24: THAC0 | C24: CA | D24: CA | E24: CA | F24: CA | G24: CA | H24: CA | I24: CA | J24: CA | K24: CA | L24: CA | M24: CA | N24: CA | O24: CA | P24: CA | Q24: CA
C25: -3 | D25: =C25+1 -> -2 | E25: =D25+1 -> -1 | F25: =E25+1 -> 0 | G25: =F25+1 -> 1 | H25: =G25+1 -> 2 | I25: =H25+1 -> 3 | J25: =I25+1 -> 4 | K25: =J25+1 -> 5 | ... Q25: =P25+1 -> 11
A26: 19 | C26: =$A26-C$25 -> 22 | D26: =$A26-D$25 -> 21 | E26: =$A26-E$25 -> 20 | F26: =$A26-F$25 -> 19 | G26: =$A26-G$25 -> 18 | H26: =$A26-H$25 -> 17 | I26: =$A26-I$25 -> 16 | J26: =$A26-J$25 -> 15 | ... Q26: =$A26-Q$25 -> 8
A27: 18 | C27: =$A27-C$25 -> 21 | D27: =$A27-D$25 -> 20 | E27: =$A27-E$25 -> 19 | F27: =$A27-F$25 -> 18 | G27: =$A27-G$25 -> 17 | H27: =$A27-H$25 -> 16 | I27: =$A27-I$25 -> 15 | J27: =$A27-J$25 -> 14 | ... Q27: =$A27-Q$25 -> 7
A28: 17 | C28: =$A28-C$25 -> 20 | D28: =$A28-D$25 -> 19 | E28: =$A28-E$25 -> 18 | F28: =$A28-F$25 -> 17 | G28: =$A28-G$25 -> 16 | H28: =$A28-H$25 -> 15 | I28: =$A28-I$25 -> 14 | J28: =$A28-J$25 -> 13 | ... Q28: =$A28-Q$25 -> 6
A29: 16 | C29: =$A29-C$25 -> 19 | D29: =$A29-D$25 -> 18 | E29: =$A29-E$25 -> 17 | F29: =$A29-F$25 -> 16 | G29: =$A29-G$25 -> 15 | H29: =$A29-H$25 -> 14 | I29: =$A29-I$25 -> 13 | J29: =$A29-J$25 -> 12 | ... Q29: =$A29-Q$25 -> 5
A30: 15 | C30: =$A30-C$25 -> 18 | D30: =$A30-D$25 -> 17 | E30: =$A30-E$25 -> 16 | F30: =$A30-F$25 -> 15 | G30: =$A30-G$25 -> 14 | H30: =$A30-H$25 -> 13 | I30: =$A30-I$25 -> 12 | J30: =$A30-J$25 -> 11 | ... Q30: =$A30-Q$25 -> 4
A31: 14 | C31: =$A31-C$25 -> 17 | D31: =$A31-D$25 -> 16 | E31: =$A31-E$25 -> 15 | F31: =$A31-F$25 -> 14 | G31: =$A31-G$25 -> 13 | H31: =$A31-H$25 -> 12 | I31: =$A31-I$25 -> 11 | J31: =$A31-J$25 -> 10 | ... Q31: =$A31-Q$25 -> 3
A32: 13 | C32: =$A32-C$25 -> 16 | D32: =$A32-D$25 -> 15 | E32: =$A32-E$25 -> 14 | F32: =$A32-F$25 -> 13 | G32: =$A32-G$25 -> 12 | H32: =$A32-H$25 -> 11 | I32: =$A32-I$25 -> 10 | J32: =$A32-J$25 -> 9 | ... Q32: =$A32-Q$25 -> 2
A33: 12 | C33: =$A33-C$25 -> 15 | D33: =$A33-D$25 -> 14 | E33: =$A33-E$25 -> 13 | F33: =$A33-F$25 -> 12 | G33: =$A33-G$25 -> 11 | H33: =$A33-H$25 -> 10 | I33: =$A33-I$25 -> 9 | J33: =$A33-J$25 -> 8 | ... Q33: =$A33-Q$25 -> 1
A34: 11 | C34: =$A34-C$25 -> 14 | D34: =$A34-D$25 -> 13 | E34: =$A34-E$25 -> 12 | F34: =$A34-F$25 -> 11 | G34: =$A34-G$25 -> 10 | H34: =$A34-H$25 -> 9 | I34: =$A34-I$25 -> 8 | J34: =$A34-J$25 -> 7 | ... Q34: =$A34-Q$25 -> 0
Q35: THAC0 - Tiro = CA Colpita
A37: Slot | B37: Esempio | K37: Armatura | M37: CA | N37: Slot | O37: U/E | P37: N | Q37: H
A38: 0 | B38: Anelli, amuleti, pergamene, chiavi, gemme | K38: Nessuna | M38: 9 | N38: 0 | O38: 40' | P38: 20' | Q38: 30'
A39: 1/3 | B39: Pozioni, acqua santa (fiale) | K39: Imbottita | M39: 8 | N39: 1 | O39: 40' | P39: 20' | Q39: 30'
A40: 1/2 | B40: Olio (fiasche) | K40: Cuoio | M40: 7 | N40: 2 | P40: 20' | Q40: 30'
A41: 1 | B41: Armi piccole, torce (6), corda, faretra, bacchette, sacco (+3 slot) | K41: Cuoio Borchiato | M41: 6 | N41: 2 | O41: 40' | P41: 20' | Q41: 30'
A42: 2 | B42: Armi medie, arm. leggere, scudo, arco c., balestra l., stivali, mantello | K42: Cotta di maglie | M42: 5 | N42: 2 | O42: 30' | P42: 20' | Q42: 20'
A43: 3 | B43: Armi grandi, armatura pesante, scudo grande, arco lungo, balestra p. | K43: Arm. a bande | M43: 4 | N43: 3 | O43: 20' | P43: 20' | Q43: -
K44: Arm. a Piastre | M44: 3 | N44: 3 | O44: 20' | P44: 20' | Q44: -
A45: Slot frazionari: ⅓ = 1-3 oggetti per slot | ½ = 1-2 oggetti per slot | K45: Pias. Completa | M45: 2 | N45: 3 | O45: 20' | P45: 20' | Q45: -
A46: Monete: 100 mo = 1 slot | K46: Scudo | M46: -1 | N46: 2
A47: Sacco grande: +3 slot extra (oggetti non fragili) | K47: Scudo Torre | M47: -2 | N47: 3 | O47: -10' Mov
A48: Borsa Conservante: +5 slot extra | Q48: by maru

Sheet Arcade
A1: Oggetto | B1: Qt. | C1: Costo | D1: Slot | E1: Note | F1: Compra ora, pentiti dopo. Se torni vivo, sconto del 10%.
A2: Corda (15m) | B2: 6 | C2: 5 ma | D2: 1 | E2: Supporta 3 persone/500 lb. Arrampicata senza tiro se non sotto stress. Sotto attacco: DES per non cadere.
A3: Asta 10 piedi | B3: 4 | C3: 5 ma | D3: 1 | E3: Attiva trappole a 10'/3m/2□. Sondare pavimenti/soffitti. Due mani.
A4: Torce (6) | B4: 10 | C4: 5 ma | D4: 1 | E4: Luce 30'/9m/6□, 1 ora ciascuna. Una mano. Come arma: 1d4 fuoco. Accendere: 1 round.
A5: Olio (fiasca) | B5: 6 | C5: 1 mo | D5: ½ | E5: Lanciato acceso (10'/3m/2□): TxC vs CA 9 a terra, CA normale su creatura. 1d8 fuoco, brucia 2 round (1d8/round). Pozza: 3'/1m diametro, 1d8 a chi attraversa, 1 turno.
A6: Lanterna | B6: 4 | C6: 5 mo | D6: 1 | E6: Luce 30'/9m/6□, 4 ore per fiasca olio. Una mano. Appendibile. Vento non la spegne.
A7: Specchio (piccolo) | B7: 6 | C7: 2 mo | D7: 0 | E7: Guardare angoli senza esporsi. Riflette sguardo pietrificante: mostro TS Pietrificazione o subisce effetto.
A8: Chiodi ferro (12) | B8: 6 | C8: 5 ma | D8: 1 | E8: Blocca porta: nemico deve sfondare (FOR o 2d6 alla porta). Rimuovere: 1 turno senza martello, 1 round con.
A9: Martello | B9: 4 | C9: 1 mo | D9: 1 | E9: Piantare/rimuovere chiodi (1 round). Arma improvvisata: 1d4.
A10: Sacco (grande) | B10: 2 | C10: 1 mo | D10: 1 | E10: +3 slot extra. Solo non fragili. Estrarre: 1 round (azione completa).
A11: Gesso (12 pezzi) | B11: 10 | C11: 5 ma | D11: 0 | E11: Segnare percorso, pareti, porte.
A12: Acqua Santa (fiala) | B12: 12 | C12: 12 mo | D12: ⅓ | E12: Lanciata (10'/3m/2□): TxC normale. 1d8 vs non-morti/infernali. Ignora armatura (CA 9). Si rompe all'impatto.
A13: Frecce (20) | B13: 8 | C13: 2 mo | D13: 1 | E13: Per arco corto/lungo. Recuperabili 50% (1-3 su d6).
A14: Quadrelli (30) | B14: 6 | C14: 5 mo | D14: 1 | E14: Per balestra. Recuperabili 50%.
A15: Pietre fionda (20) | B15: 10 | C15: — | D15: 1 | E15: Per fionda. Gratuite se raccolte. Recuperabili 50%.
A16: Pozione Cura Leggera | B16: 10 | C16: 150 mo | D16: ⅓ | E16: Cura 1d6+1 HP. Bere = azione (no attacco, sì movimento). Da zaino: 1 round estrarre + 1 round bere.
A17: Pozione Cura Grave | B17: 6 | C17: 300 mo | D17: ⅓ | E17: Cura 2d6+2 HP. Stesse regole Cura Leggera.
A18: Pozione Velocità | B18: 2 | C18: 250 mo | D18: ⅓ | E18: Durata 1 turno (10 round). Movimento x2, 2 attacchi/round. Non cumulabile.
A19: Pozione Invisibilità | B19: 2 | C19: 200 mo | D19: ⅓ | E19: Durata: fino a interruzione. Termina se attacchi/lanci incantesimo/tocchi nemico. Nemici -4 TxC. Infravisione non rileva.
A20: Pozione Resistenza al Freddo | B20: 3 | C20: 200 mo | D20: ⅓ | E20: Durata 1 turno (10 round). Immune a tutti i danni freddo.
A21: Pozione Forza Gigante | B21: 2 | C21: 250 mo | D21: ⅓ | E21: Durata 1 turno (10 round). FOR 18 (+3 TxC/danni mischia). Non vale per distanza.
A22: Pozione Levitazione | B22: 4 | C22: 200 mo | D22: ⅓ | E22: Durata 6 turni (60 round). Solo verticale 6'/1.8m/round (20'/6m senza carico). No movimento orizzontale autonomo.
A23: Pozione Volo | B23: 2 | C23: 400 mo | D23: ⅓ | E23: Durata 1d6 turni (tirare quando bevi). Movimento 120'/36m/24□ (40'/12m/8□ combattimento). Se termina in volo: 1d6 per 10'/3m caduta.
A24: Pergamena: Dardo Incantato | B24: 3 | C24: 50 mo | D24: 0 | E24: Solo Mago/Elfo. Liv.5: 1 dardo, 1d6+1 danni. Colpo automatico. Gittata 150'/45m/30□. Azione: leggere.
A25: Pergamena: Scudo | B25: 2 | C25: 50 mo | D25: 0 | E25: Solo Mago/Elfo. Durata 2 turni (20 round). CA 2 vs distanza, CA 4 vs mischia. Blocca Dardo Incantato. | F25: Pozioni Cura — "Bevi prima di morire!" | P25: Pergamena Fulmine — "60 piedi di 'non mi hai sentito la prima volta'."
A26: Oggetto | B26: Qt. | C26: Costo | D26: Slot | E26: Note
A27: Pergamena: Invisibilità | B27: 2 | C27: 100 mo | D27: 0 | E27: Solo Mago/Elfo. Bersaglio: sé o 1 toccato. Durata: fino a interruzione. Nemici -4 TxC.
A28: Pergamena: Ragnatela | B28: 2 | C28: 100 mo | D28: 0 | E28: Solo Mago/Elfo. Area 10'x10'x10'/3mx3mx3m/2□x2□x2□. Gittata 10'/3m/2□. Liberarsi: FOR ogni round (1 nat. FOR norm, 1-2 FOR 13-17, 1-3 FOR 18). Fuoco brucia in 2 round (1d6 a intrappolati).
A29: Pergamena: Palla di Fuoco | B29: 1 | C29: 200 mo | D29: 0 | E29: Solo Mago/Elfo. Liv.5: 5d6 fuoco. TS Incantesimi dimezza. Sfera raggio 20'/6m/4□. Gittata 240'/72m/48□. Espande in spazi chiusi.
A30: Pergamena: Fulmine | B30: 1 | C30: 200 mo | D30: 0 | E30: Solo Mago/Elfo. Liv.5: 5d6 fulmine. TS Incantesimi dimezza. Linea 60'x5'/18mx1.5m/12□x1□. Rimbalza su muri (tot. 60'/18m). Colpisce tutti inclusi alleati.
A31: Pergamena: Cura Ferite Leggere | B31: 4 | C31: 50 mo | D31: 0 | E31: Solo Chierico. Cura 1d6+1 HP. Tocco. Alternativa: 1d6+1 danni a non-morti (TxC richiesto).
A32: Pergamena: Protezione dal Male | B32: 2 | C32: 50 mo | D32: 0 | E32: Mago/Elfo/Chierico. Durata 12 turni (120 round). Creature malvagie -1 TxC, +1 tuoi TS. Evocati non ti toccano.
A33: Pergamena: Luce | B33: 3 | C33: 50 mo | D33: 0 | E33: Mago/Elfo/Chierico. Durata 12 turni. Luce raggio 15'/4.5m/3□. Su oggetto o punto fisso. Su occhi nemico: TS Incantesimi o accecato (-4 TxC, nemici +4). Gittata 120'/36m/24□.
A34: Pergamena: Benedizione | B34: 2 | C34: 100 mo | D34: 0 | E34: Solo Chierico. Durata 6 turni (60 round). Alleati entro 60'/18m/12□: +1 TxC, +1 morale, +1 danni. Solo PRIMA del combattimento.
A35: Pergamena: Rimuovi Maledizione | B35: 2 | C35: 200 mo | D35: 0 | E35: Solo Chierico. Rimuove 1 maledizione da creatura/oggetto toccato. Non funziona su licantropia.
A37: Calzini della Zia Elfica | B37: 3 | C37: 25 mo | D37: 0 | E37: Li ho fatti io, caro. Profumano di biscotti e senso di colpa.
A38: Maglione di Nonno Gelo | B38: 2 | C38: 50 mo | D38: 1 | E38: Brutto. Caldo. Impossibile da togliere senza offendere qualcuno.
A39: Campanella del "Ti Penso" | B39: 4 | C39: 15 mo | D39: 0 | E39: Suona solo quando serve davvero. O quando ti manca qualcuno.
A40: Panettone dell'Ultimo Minuto | B40: 3 | C40: 30 mo | D40: 1 | E40: Comprato di corsa, donato con amore. Non finisce mai, come i sensi di colpa.

Sheet Empori
A1: Oggetto | B1: Zona | C1: Costo | D1: Slot | E1: Note
A3: --- EMPORIO ---
A4: Razione (1 giorno) | B4: V | C4: 1 mo | D4: 1 | E4: Cibo fresco. Deperisce in 1 settimana.
A5: Razione secca (1 settimana) | B5: P | C5: 10 mo | D5: 7 | E5: Cibo conservato. Non deperisce.
A6: Otre d'acqua | B6: V | C6: 1 mo | D6: 1 | E6: 1 giorno d'acqua per persona.
A7: Zaino | B7: P | C7: 5 mo | D7: 1 | E7: Trasporta fino a 400 mo di peso.
A8: Sacco (grande) | B8: V | C8: 1 mo | D8: 1 | E8: Trasporta fino a 600 mo di peso.
A9: Corda (15m) | B9: V | C9: 1 mo | D9: 2 | E9: Supporta 150 kg. Arrampicata senza tiro se non sotto stress.
A10: Rampino | B10: P | C10: 5 mo | D10: 1 | E10: Lanciare: TxC vs CA 9. Con corda per scalare.
A11: Asta 10 piedi | B11: V | C11: 1 mo | D11: 2 | E11: Attiva trappole a 10'. Sondare. Due mani.
A12: Piede di porco | B12: P | C12: 2 mo | D12: 1 | E12: +1 a sfondare porte. Come arma improvvisata: 1d4.
A13: Piccone | B13: V | C13: 3 mo | D13: 3 | E13: Scavare pietra/terra. Come arma: 1d6, due mani.
A14: Pala | B14: V | C14: 2 mo | D14: 2 | E14: Scavare terra. Come arma improvvisata: 1d4.
A15: Torce (6) | B15: V | C15: 1 mo | D15: 1 | E15: Luce 30', 1 ora ciascuna. Come arma: 1d4 fuoco.
... A17: Olio (fiasca) | B17: P | C17: 2 mo | D17: 1 | E17: Lanciato 10'/20'/30': TxC vs CA 9. 1d8 fuoco, brucia 2 R (1d8/R).
A18: Candele (10) | B18: V | C18: 1 mo | D18: — | E18: Luce 5', 1 ora ciascuna.
A19: Acciarino e pietra focaia | B19: V | C19: 3 mo | D19: — | E19: Accendere fuoco: 1 R.
A20: Martello | B20: V | C20: 2 mo | D20: 1 | E20: Piantare chiodi/paletti. Come arma improvvisata: 1d4.
A21: Chiodi ferro (12) | B21: P | C21: 1 mo | D21: 1 | E21: Blocca porta: nemico deve sfondare. Rimuovere: 1 turno (1 R con martello).
A22: Gesso (10 pezzi) | B22: V | C22: 1 mo | D22: — | E22: Segnare percorsi.
A23: Specchio (piccolo) | B23: C | C23: 5 mo | D23: — | E23: Guardare angoli. Riflette sguardo pietrificante: mostro TS Pietrificazione o subisce effetto.
A24: Specchio d'argento | B24: C | C24: 30 mo | D24: — | E24: Vampiri non si riflettono. Utile per identificarli.
A25: Borse da sella | B25: P | C25: 10 mo | D25: 1 | E25: Per cavalcatura. Capacità 300 mo.
A27: --- STALLA ---
A28: Pony | B28: V | C28: 40 mo | D28: — | E28: Carico 200 mo. Movimento 40'. Non addestrato al combattimento.
A29: Mulo | B29: V | C29: 30 mo | D29: — | E29: Carico 400 mo. Movimento 40'. Testardo ma resistente.
A30: Asino | B30: V | C30: 15 mo | D30: — | E30: Carico 200 mo. Movimento 40'.
A31: Cavallo da sella | B31: P | C31: 75 mo | D31: — | E31: Carico 300 mo. Movimento 80'. Non addestrato al combattimento.
A32: Cavallo da guerra | B32: G | C32: 250 mo | D32: — | E32: Carico 400 mo. Movimento 60'. Attacca: 2 zoccoli 1d6. Morale 9.
A33: Cane da guardia | B33: P | C33: 25 mo | D33: — | E33: DV 1+1, CA 7 [12], morso 1d4. Morale 9. Fiuta intrusi.
A34: Sella | B34: P | C34: 25 mo | D34: 2 | E34: Necessaria per cavalcare.
A35: Carro | B35: P | C35: 100 mo | D35: — | E35: Carico 1500 mo. Richiede 1-2 animali da tiro.
A36: Barca a remi | B36: P | C36: 50 mo | D36: — | E36: Trasporta 6 persone. Movimento 30'.
A38: --- SERVIZI ---
A39: Portatore (giorno) | B39: V | C39: 1 mo | D39: — | E39: Trasporta 100 mo di peso. Morale 6. Non combatte.
A40: Guida locale (giorno) | B40: V | C40: 5 mo | D40: — | E40: Conosce la zona. Morale 7. Non combatte.
A41: Mercenario (giorno) | B41: C | C41: 2 mo | D41: — | E41: Guerriero liv.1. DV 1, CA 6 [13], spada 1d8. Morale 8.
A42: Guardia del corpo (giorno) | B42: G | C42: 3 mo | D42: — | E42: Guerriero liv.2. DV 2, CA 4 [15], spada 1d8. Morale 9.
A47: V = Villaggio
A48: P = Paese
A49: C = Piccola Città
A50: G = Media/Grande Città
A51: R = Raro (ricerca/contatti) | E51: Per pozioni emporio del mago
A52: Oggetto | B52: Zona | C52: Costo | D52: Slot | E52: Note
A54: --- ARMERIA ---
A55: Daga | B55: V | C55: 3 mo | D55: 1 | E55: 1d4 danni. Lanciabile 10'/20'/30'. Una mano.
A56: Spada corta | B56: P | C56: 7 mo | D56: 1 | E56: 1d6 danni. Una mano.
A57: Spada lunga | B57: C | C57: 10 mo | D57: 2 | E57: 1d8 danni. Una mano.
A58: Spada a due mani | B58: G | C58: 15 mo | D58: 3 | E58: 1d10 danni. Due mani. Attacca per ultimo.
A59: Ascia | B59: V | C59: 5 mo | D59: 2 | E59: 1d6 danni. Lanciabile 10'/20'/30'. Una mano.
A60: Ascia da battaglia | B60: C | C60: 7 mo | D60: 2 | E60: 1d8 danni. Una mano. Può essere usata a due mani.
A61: Mazza | B61: P | C61: 5 mo | D61: 2 | E61: 1d6 danni. Una mano. Contundente, danni pieni vs scheletri.
A62: Martello da guerra | B62: C | C62: 7 mo | D62: 2 | E62: 1d6 danni. Una mano. Contundente, danni pieni vs scheletri.
A63: Lancia | B63: V | C63: 4 mo | D63: 2 | E63: 1d6 danni. Lanciabile 20'/40'/60'. Una o due mani (1d8).
A64: Alabarda | B64: G | C64: 7 mo | D64: 3 | E64: 1d10 danni. Due mani. Attacca per ultimo.
A65: Bastone | B65: V | C65: 1 mo | D65: 1 | E65: 1d4 danni. Due mani. Contundente.
A66: Arco corto | B66: P | C66: 25 mo | D66: 1 | E66: 1d6 danni. Gittata 50'/100'/150'. Due mani.
... A69: Balestra pesante | B69: G | C69: 50 mo | D69: 3 | E69: 1d8 danni. Gittata 80'/160'/240'. Due mani. Ricarica 2 R.
A70: Fionda | B70: V | C70: 1 mo | D70: — | E70: 1d4 danni. Gittata 40'/80'/160'. Due mani per caricare.
A71: Frecce (20) | B71: P | C71: 5 mo | D71: 1 | E71: Per arco corto/lungo. Recuperabili 50% (1-3 su d6).
A72: Quadrelli (20) | B72: C | C72: 5 mo | D72: 1 | E72: Per balestra. Recuperabili 50% (1-3 su d6).
A73: Pietre fionda (20) | B73: V | C73: 1 mo | D73: 1 | E73: Per fionda. Recuperabili 50% (1-3 su d6).
A74: Armatura imbottita | B74: P | C74: 15 mo | D74: 1 | E74: CA 8
A75: Armatura di cuoio | B75: P | C75: 20 mo | D75: 2 | E75: CA 7
A76: Armatura borchiata | B76: C | C76: 30 mo | D76: 2 | E76: CA 6
A77: Cotta di maglia | B77: C | C77: 40 mo | D77: 2 | E77: CA 5
A78: Armatura a bande | B78: G | C78: 45 mo | D78: 3 | E78: CA 4
A79: Armatura a Piastre | B79: G | C79: 90 mo | D79: 3 | E79: CA 3
A80: Armatura a Piastre Completa | B80: G | C80: 120 mo | D80: 4 | E80: CA 2
A81: Scudo | B81: P | C81: 10 mo | D81: 2 | E81: CA -1. Una mano occupata.
A82: Scudo Torre | B82: C | C82: 10 mo | D82: 3 | E82: CA -2. Una mano occupata. -10' Mov. -2□
A84: --- RARO (ricerca/contatti) ---
A85: Spada corta +1 | B85: R | C85: 1500 mo | D85: 1 | E85: 1d6+1 danni. +1 TxC. Una mano.
A86: Spada lunga +1 | B86: R | C86: 2000 mo | D86: 2 | E86: 1d8+1 danni. +1 TxC. Una mano.
A87: Mazza +1 | B87: R | C87: 1500 mo | D87: 2 | E87: 1d6+1 danni. +1 TxC. Contundente, danni pieni vs scheletri.
A88: Martello da guerra +1 | B88: R | C88: 2000 mo | D88: 2 | E88: 1d6+1 danni. +1 TxC. Contundente, danni pieni vs scheletri.
A89: Daga +1 | B89: R | C89: 1000 mo | D89: 1 | E89: 1d4+1 danni. +1 TxC. Lanciabile 10'/20'/30'.
A90: Arco corto +1 | B90: R | C90: 3000 mo | D90: 1 | E90: 1d6+1 danni. +1 TxC. Gittata 50'/100'/150'. Due mani.
A91: Frecce +1 (10) | B91: R | C91: 500 mo | D91: 1 | E91: +1 TxC e danni. Non recuperabili.
A92: Armatura di cuoio +1 | B92: R | C92: 2000 mo | D92: 2 | E92: CA 6 [13].
A93: Cotta di maglia +1 | B93: R | C93: 3500 mo | D93: 3 | E93: CA 4 [15].
A94: Scudo +1 | B94: R | C94: 1500 mo | D94: 1 | E94: CA +2 totale. Una mano occupata.
A95: Anello Protezione +1 | B95: R | C95: 5000 mo | D95: — | E95: +1 CA e +1 tutti i TS. Non cumulabile con armatura magica.
A96: Stivali Elfici | B96: R | C96: 3000 mo | D96: 1 | E96: Movimento silenzioso. Sorpresa 1-4 su d6.
A97: Mantello Elfico | B97: R | C97: 3000 mo | D97: 1 | E97: Quasi invisibile se immobile. Sorpresa 1-4 su d6 (1-5 con stivali).
A98: Corda Arrampicata | B98: R | C98: 2000 mo | D98: 1 | E98: 15m. Si arrampica su comando. Regge 500 kg.
A99: Borsa Conservante | B99: R | C99: 2500 mo | D99: 1 | E99: Contiene 500 mo di peso, pesa sempre 5 mo.
E106: Per pozioni emporio del mago
A107: Oggetto | B107: Zona | C107: Costo | D107: Slot | E107: Note
A109: --- TEMPIO ---
A110: Simbolo sacro (legno) | B110: V | C110: 5 mo | D110: — | E110: Necessario per scacciare non-morti.
A111: Simbolo sacro (argento) | B111: C | C111: 25 mo | D111: — | E111: Come legno. Più resistente, +1 a Scacciare.
A112: Acqua Santa (fiala) | B112: C | C112: 25 mo | D112: — | E112: Lanciata 10'/20'/30': TxC normale. 1d8 vs non-morti/infernali.
A113: Aglio (testa) | B113: V | C113: 1 mo | D113: — | E113: Vampiri: TS o non possono avvicinarsi entro 10'.
A114: Paletti legno (3) | B114: V | C114: 1 mo | D114: 1 | E114: Colpo al cuore su vampiro paralizzato: uccide.
A115: Paletti argento (3) | B115: C | C115: 30 mo | D115: 1 | E115: Come legno. Funziona anche su licantropi paralizzati.
A116: Incenso sacro (6 bastoncini) | B116: P | C116: 5 mo | D116: — | E116: Brucia 1 ora. Spiriti minori evitano l'area 10'.
A117: Candele benedette (6) | B117: P | C117: 3 mo | D117: — | E117: Luce 5', 2 ore. Non-morti -1 TxC entro la luce.
A118: Olio sacro (fiala) | B118: C | C118: 15 mo | D118: — | E118: Unge arma: +1 danno vs non-morti per 1 combattimento.
A119: Sale consacrato (sacchetto) | B119: P | C119: 2 mo | D119: — | E119: Linea di sale: non-morti minori (1 DV) non attraversano.
...
